CustomerID,Recency,Frequency,Monetary,AvgOrderValue,TenureDays,SnapshotDate,R_Score,F_Score,M_Score,RFM_Score,RFM_Segment
12346,284,1,12.9,12.9,284,2011-12-10 18:30:00,1,1,1,3,111
12347,167,3,58.510000000000005,19.503333333333334,251,2011-12-10 18:30:00,2,2,2,6,222
12348,14,2,34.65,17.325,21,2011-12-10 18:30:00,5,1,2,8,512
12349,164,1,18.130000000000003,18.130000000000003,164,2011-12-10 18:30:00,2,1,1,4,211
12350,59,12,1172.45,97.70416666666667,428,2011-12-10 18:30:00,3,5,5,13,355
12351,6,3,5.85,1.95,19,2011-12-10 18:30:00,5,2,1,8,521
12352,98,1,17.59,17.59,98,2011-12-10 18:30:00,2,1,1,4,211
12353,473,2,44.019999999999996,22.009999999999998,510,2011-12-10 18:30:00,1,1,2,4,112
12354,38,15,1836.65,122.44333333333334,371,2011-12-10 18:30:00,3,5,5,13,355
12355,245,2,95.44,47.72,282,2011-12-10 18:30:00,1,1,3,5,113
12356,31,9,581.18,64.57555555555555,276,2011-12-10 18:30:00,4,4,4,12,444
12357,28,1,2.14,2.14,28,2011-12-10 18:30:00,4,1,1,6,411
12358,112,4,44.63,11.1575,182,2011-12-10 18:30:00,2,3,2,7,232
12359,17,1,14.4,14.4,17,2011-12-10 18:30:00,4,1,1,6,411
12360,59,6,194.13,32.355,203,2011-12-10 18:30:00,3,3,3,9,333
12361,22,8,265.53,33.19125,243,2011-12-10 18:30:00,4,4,4,12,444
12362,179,4,133.66,33.415,229,2011-12-10 18:30:00,2,3,3,8,233
12363,31,14,2090.86,149.34714285714287,394,2011-12-10 18:30:00,4,5,5,14,455
12364,40,1,40.120000000000005,40.120000000000005,40,2011-12-10 18:30:00,3,1,2,6,312
12365,494,2,29.1,14.55,500,2011-12-10 18:30:00,1,1,2,4,112
12366,383,3,61.55,20.516666666666666,401,2011-12-10 18:30:00,1,2,2,5,122
12367,9,8,546.62,68.3275,204,2011-12-10 18:30:00,5,4,4,13,544
12368,27,1,3.68,3.68,27,2011-12-10 18:30:00,4,1,1,6,411
12369,14,2,15.969999999999999,7.984999999999999,51,2011-12-10 18:30:00,5,1,1,7,511
12370,72,3,79.64,26.546666666666667,110,2011-12-10 18:30:00,3,2,3,8,323
12371,26,15,1349.32,89.95466666666667,507,2011-12-10 18:30:00,4,5,5,14,455
12372,123,2,130.86,65.43,147,2011-12-10 18:30:00,2,1,3,6,213
12373,22,27,8278.97,306.6285185185185,694,2011-12-10 18:30:00,4,5,5,14,455
12374,52,16,1592.63,99.539375,624,2011-12-10 18:30:00,3,5,5,13,355
12375,195,4,20.32,5.08,233,2011-12-10 18:30:00,1,3,2,6,132
12376,145,5,61.64,12.328,209,2011-12-10 18:30:00,2,3,2,7,232
12377,2,3,8.780000000000001,2.926666666666667,18,2011-12-10 18:30:00,5,2,1,8,521
12378,57,4,194.52,48.63,95,2011-12-10 18:30:00,3,3,3,9,333
12379,109,9,517.22,57.46888888888889,382,2011-12-10 18:30:00,2,4,4,10,244
12380,2,5,66.19,13.238,109,2011-12-10 18:30:00,5,3,2,10,532
12381,43,12,922.38,76.865,339,2011-12-10 18:30:00,3,5,5,13,355
12382,27,11,1578.6000000000001,143.50909090909093,412,2011-12-10 18:30:00,4,5,5,14,455
12383,74,4,186.82,46.705,122,2011-12-10 18:30:00,3,3,3,9,333
12384,76,6,296.06,49.343333333333334,163,2011-12-10 18:30:00,3,3,4,10,334
12385,179,1,28.340000000000003,28.340000000000003,179,2011-12-10 18:30:00,2,1,2,5,212
12386,241,7,274.07,39.152857142857144,436,2011-12-10 18:30:00,1,4,4,9,144
12387,26,1,1.49,1.49,26,2011-12-10 18:30:00,4,1,1,6,411
12388,233,1,6.5,6.5,233,2011-12-10 18:30:00,1,1,1,3,111
12389,114,8,687.49,85.93625,338,2011-12-10 18:30:00,2,4,4,10,244
12390,22,1,40.94,40.94,22,2011-12-10 18:30:00,4,1,2,7,412
12391,17,3,57.55,19.183333333333334,57,2011-12-10 18:30:00,4,2,2,8,422
12392,88,4,127.88,31.97,130,2011-12-10 18:30:00,2,3,3,8,233
12393,18,6,417.51,69.585,219,2011-12-10 18:30:00,4,3,4,11,434
12394,259,1,1.62,1.62,259,2011-12-10 18:30:00,1,1,1,3,111
12395,16,15,1408.29,93.886,396,2011-12-10 18:30:00,5,5,5,15,555
12396,9,13,1430.71,110.05461538461539,450,2011-12-10 18:30:00,5,5,5,15,555
12397,17,16,3049.25,190.578125,468,2011-12-10 18:30:00,4,5,5,14,455
12398,235,1,11.72,11.72,235,2011-12-10 18:30:00,1,1,1,3,111
12399,407,4,25.95,6.4875,452,2011-12-10 18:30:00,1,3,2,6,132
12400,271,3,14.68,4.8933333333333335,335,2011-12-10 18:30:00,1,2,1,4,121
12401,388,3,36.82,12.273333333333333,452,2011-12-10 18:30:00,1,2,2,5,122
12402,258,8,189.22,23.6525,492,2011-12-10 18:30:00,1,4,3,8,143
12403,227,7,140.86,20.122857142857146,350,2011-12-10 18:30:00,1,4,3,8,143
12404,54,18,1459.5,81.08333333333333,614,2011-12-10 18:30:00,3,5,5,13,355
12405,2,9,1255.3700000000001,139.48555555555558,260,2011-12-10 18:30:00,5,4,5,14,545
12406,383,2,46.36,23.18,411,2011-12-10 18:30:00,1,1,2,4,112
12407,168,4,216.61,54.1525,228,2011-12-10 18:30:00,2,3,3,8,233
12408,183,3,107.17,35.723333333333336,233,2011-12-10 18:30:00,1,2,3,6,123
12409,238,3,51.39,17.13,264,2011-12-10 18:30:00,1,2,2,5,122
12410,230,1,8.5,8.5,230,2011-12-10 18:30:00,1,1,1,3,111
12411,228,4,230.14000000000001,57.535000000000004,296,2011-12-10 18:30:00,1,3,4,8,134
12412,90,4,52.16,13.04,124,2011-12-10 18:30:00,2,3,2,7,232
12413,57,6,263.34,43.88999999999999,177,2011-12-10 18:30:00,3,3,4,10,334
12414,7,32,12502.34,390.698125,711,2011-12-10 18:30:00,5,5,5,15,555
12415,215,4,130.3,32.575,284,2011-12-10 18:30:00,1,3,3,7,133
12416,31,9,315.78000000000003,35.08666666666667,206,2011-12-10 18:30:00,4,4,4,12,444
12417,2,7,123.19,17.59857142857143,136,2011-12-10 18:30:00,5,4,3,12,543
12418,8,2,9.46,4.73,28,2011-12-10 18:30:00,5,1,1,7,511
12419,34,8,539.9,67.4875,166,2011-12-10 18:30:00,4,4,4,12,444
12420,16,30,7896.54,263.218,591,2011-12-10 18:30:00,5,5,5,15,555
12421,14,9,468.44,52.04888888888889,178,2011-12-10 18:30:00,5,4,4,13,544
12422,48,8,510.95000000000005,63.868750000000006,258,2011-12-10 18:30:00,3,4,4,11,344
12423,161,2,74.5,37.25,170,2011-12-10 18:30:00,2,1,3,6,213
12424,97,7,199.32999999999998,28.475714285714282,301,2011-12-10 18:30:00,2,4,3,9,243
12425,255,2,29.31,14.655,282,2011-12-10 18:30:00,1,1,2,4,112
12426,437,2,35.349999999999994,17.674999999999997,480,2011-12-10 18:30:00,1,1,2,4,112
12427,243,8,60.72,7.59,313,2011-12-10 18:30:00,1,4,2,7,142
12428,404,3,24.439999999999998,8.146666666666667,478,2011-12-10 18:30:00,1,2,2,5,122
12429,52,13,925.01,71.15461538461538,380,2011-12-10 18:30:00,3,5,5,13,355
12430,24,33,8862.57,268.5627272727273,654,2011-12-10 18:30:00,4,5,5,14,455
12431,55,11,1543.76,140.34181818181818,352,2011-12-10 18:30:00,3,5,5,13,355
12432,193,2,56.75,28.375,214,2011-12-10 18:30:00,1,1,2,4,112
12433,260,5,99.45,19.89,296,2011-12-10 18:30:00,1,3,3,7,133
12434,5,10,1409.5,140.95,306,2011-12-10 18:30:00,5,5,5,15,555
12436,39,8,643.28,80.41,126,2011-12-10 18:30:00,3,4,4,11,344
12437,189,4,58.019999999999996,14.504999999999999,259,2011-12-10 18:30:00,1,3,2,6,132
12438,202,7,124.47,17.78142857142857,313,2011-12-10 18:30:00,1,4,3,8,143
12439,12,6,263.15,43.85833333333333,180,2011-12-10 18:30:00,5,3,4,12,534
12440,42,4,199.53,49.8825,138,2011-12-10 18:30:00,3,3,3,9,333
12441,375,2,25.02,12.51,387,2011-12-10 18:30:00,1,1,2,4,112
12442,40,7,461.01,65.85857142857142,216,2011-12-10 18:30:00,3,4,4,11,344
12443,20,16,1677.48,104.8425,553,2011-12-10 18:30:00,4,5,5,14,455
12444,27,10,1641.49,164.149,279,2011-12-10 18:30:00,4,5,5,14,455
12445,7,1,11.61,11.61,7,2011-12-10 18:30:00,5,1,1,7,511
12446,17,1,9.719999999999999,9.719999999999999,17,2011-12-10 18:30:00,4,1,1,6,411
12447,7,1,2.68,2.68,7,2011-12-10 18:30:00,5,1,1,7,511
12448,83,7,285.2,40.74285714285714,149,2011-12-10 18:30:00,2,4,4,10,244
12449,34,3,25.669999999999998,8.556666666666667,68,2011-12-10 18:30:00,4,2,2,8,422
12450,120,3,50.08,16.69333333333333,150,2011-12-10 18:30:00,2,2,2,6,222
12451,373,3,47.41,15.803333333333333,379,2011-12-10 18:30:00,1,2,2,5,122
12452,188,2,14.360000000000001,7.180000000000001,196,2011-12-10 18:30:00,1,1,1,3,111
12453,18,7,158.83999999999997,22.691428571428567,174,2011-12-10 18:30:00,4,4,3,11,443
12454,57,12,1226.28,102.19,273,2011-12-10 18:30:00,3,5,5,13,355
12455,36,1,9.62,9.62,36,2011-12-10 18:30:00,3,1,1,5,311
12456,218,3,50.62,16.87333333333333,276,2011-12-10 18:30:00,1,2,2,5,122
12457,15,9,422.0,46.888888888888886,253,2011-12-10 18:30:00,5,4,4,13,544
12458,20,5,300.67,60.134,77,2011-12-10 18:30:00,4,3,4,11,434
12459,98,4,137.53,34.3825,132,2011-12-10 18:30:00,2,3,3,8,233
12460,60,9,821.3,91.25555555555555,356,2011-12-10 18:30:00,3,4,4,11,344
12461,7,1,9.28,9.28,7,2011-12-10 18:30:00,5,1,1,7,511
12462,423,3,38.38,12.793333333333335,432,2011-12-10 18:30:00,1,2,2,5,122
12463,303,1,4.8,4.8,303,2011-12-10 18:30:00,1,1,1,3,111
12464,145,3,72.71000000000001,24.236666666666668,229,2011-12-10 18:30:00,2,2,3,7,223
12465,444,3,39.68,13.226666666666667,511,2011-12-10 18:30:00,1,2,2,5,122
12466,79,3,78.49,26.16333333333333,121,2011-12-10 18:30:00,2,2,3,7,223
12467,15,1,18.93,18.93,15,2011-12-10 18:30:00,5,1,1,7,511
12468,8,13,913.15,70.24230769230769,377,2011-12-10 18:30:00,5,5,5,15,555
12469,241,5,50.48,10.096,331,2011-12-10 18:30:00,1,3,2,6,132
12470,16,28,5278.48,188.51714285714283,712,2011-12-10 18:30:00,5,5,5,15,555
12471,126,7,135.83,19.404285714285717,274,2011-12-10 18:30:00,2,4,3,9,243
12472,87,4,137.91,34.4775,161,2011-12-10 18:30:00,2,3,3,8,233
12473,27,10,517.11,51.711,355,2011-12-10 18:30:00,4,5,4,13,454
12474,3,15,2045.56,136.37066666666666,354,2011-12-10 18:30:00,5,5,5,15,555
12475,151,7,231.57,33.08142857142857,318,2011-12-10 18:30:00,2,4,4,10,244
12476,21,12,944.94,78.745,390,2011-12-10 18:30:00,4,5,5,14,455
12477,40,2,29.25,14.625,81,2011-12-10 18:30:00,3,1,2,6,312
12478,225,2,51.01,25.505,265,2011-12-10 18:30:00,1,1,2,4,112
12479,84,8,504.87,63.10875,365,2011-12-10 18:30:00,2,4,4,10,244
12480,192,6,164.59,27.43166666666667,337,2011-12-10 18:30:00,1,3,3,7,133
12481,19,28,7922.92,282.9614285714286,718,2011-12-10 18:30:00,4,5,5,14,455
12482,2,1,6.66,6.66,2,2011-12-10 18:30:00,5,1,1,7,511
12483,151,7,179.95,25.707142857142856,323,2011-12-10 18:30:00,2,4,3,9,243
12484,119,3,40.379999999999995,13.459999999999999,197,2011-12-10 18:30:00,2,2,2,6,222
12485,51,13,1634.76,125.75076923076924,400,2011-12-10 18:30:00,3,5,5,13,355
12486,141,8,95.66999999999999,11.958749999999998,229,2011-12-10 18:30:00,2,4,3,9,243
12487,5,5,214.46,42.892,57,2011-12-10 18:30:00,5,3,3,11,533
12488,9,3,32.230000000000004,10.743333333333334,40,2011-12-10 18:30:00,5,2,2,9,522
12489,129,4,78.06,19.515,237,2011-12-10 18:30:00,2,3,3,8,233
12490,124,4,151.49,37.8725,199,2011-12-10 18:30:00,2,3,3,8,233
12491,43,7,343.99,49.14142857142857,223,2011-12-10 18:30:00,3,4,4,11,344
12492,101,8,382.40999999999997,47.801249999999996,354,2011-12-10 18:30:00,2,4,4,10,244
12493,198,3,99.30000000000001,33.1,278,2011-12-10 18:30:00,1,2,3,6,123
12494,163,6,243.3,40.550000000000004,268,2011-12-10 18:30:00,2,3,4,9,234
12495,7,27,5751.35,213.01296296296297,720,2011-12-10 18:30:00,5,5,5,15,555
12496,15,2,22.05,11.025,34,2011-12-10 18:30:00,5,1,2,8,512
12497,1,2,8.05,4.025,25,2011-12-10 18:30:00,5,1,1,7,511
12498,48,12,1061.83,88.48583333333333,373,2011-12-10 18:30:00,3,5,5,13,355
12499,25,7,352.56,50.36571428571428,209,2011-12-10 18:30:00,4,4,4,12,444
12500,16,11,1693.46,153.9509090909091,268,2011-12-10 18:30:00,5,5,5,15,555
12501,413,1,37.89,37.89,413,2011-12-10 18:30:00,1,1,2,4,112
12502,111,9,341.97,37.99666666666667,311,2011-12-10 18:30:00,2,4,4,10,244
12503,2,3,85.36,28.453333333333333,41,2011-12-10 18:30:00,5,2,3,10,523
12504,318,1,30.540000000000003,30.540000000000003,318,2011-12-10 18:30:00,1,1,2,4,112
12505,308,3,39.41,13.136666666666665,388,2011-12-10 18:30:00,1,2,2,5,122
12506,33,9,743.6,82.62222222222222,248,2011-12-10 18:30:00,4,4,4,12,444
12508,82,5,174.07999999999998,34.815999999999995,202,2011-12-10 18:30:00,2,3,3,8,233
12509,16,19,4387.86,230.93999999999997,498,2011-12-10 18:30:00,5,5,5,15,555
12510,144,7,232.02,33.145714285714284,288,2011-12-10 18:30:00,2,4,4,10,244
12511,25,8,431.28,53.91,215,2011-12-10 18:30:00,4,4,4,12,444
12512,36,1,7.91,7.91,36,2011-12-10 18:30:00,3,1,1,5,311
12513,481,2,11.08,5.54,523,2011-12-10 18:30:00,1,1,1,3,111
12514,34,7,375.99,53.712857142857146,179,2011-12-10 18:30:00,4,4,4,12,444
12515,35,2,43.07,21.535,72,2011-12-10 18:30:00,3,1,2,6,312
12516,45,5,397.13,79.426,113,2011-12-10 18:30:00,3,3,4,10,334
12517,229,5,92.13,18.426,361,2011-12-10 18:30:00,1,3,3,7,133
12518,57,3,241.54999999999998,80.51666666666667,133,2011-12-10 18:30:00,3,2,4,9,324
12519,26,2,21.03,10.515,47,2011-12-10 18:30:00,4,1,2,7,412
12520,19,16,1892.07,118.254375,512,2011-12-10 18:30:00,4,5,5,14,455
12521,22,21,7563.68,360.1752380952381,577,2011-12-10 18:30:00,4,5,5,14,455
12522,2,3,134.85,44.949999999999996,65,2011-12-10 18:30:00,5,2,3,10,523
12523,35,1,1.62,1.62,35,2011-12-10 18:30:00,3,1,1,5,311
12525,349,2,28.42,14.21,388,2011-12-10 18:30:00,1,1,2,4,112
12526,34,3,17.59,5.863333333333333,42,2011-12-10 18:30:00,4,2,1,7,421
12527,7,2,43.08,21.54,17,2011-12-10 18:30:00,5,1,2,8,512
12528,33,3,155.09,51.696666666666665,72,2011-12-10 18:30:00,4,2,3,9,423
12529,41,10,507.81,50.781,349,2011-12-10 18:30:00,3,5,4,12,354
12530,500,3,26.1,8.700000000000001,572,2011-12-10 18:30:00,1,2,2,5,122
12531,130,3,78.56,26.186666666666667,164,2011-12-10 18:30:00,2,2,3,7,223
12532,79,7,316.98,45.28285714285715,274,2011-12-10 18:30:00,2,4,4,10,244
12533,6,15,1447.93,96.52866666666667,318,2011-12-10 18:30:00,5,5,5,15,555
12534,291,1,6.2700000000000005,6.2700000000000005,291,2011-12-10 18:30:00,1,1,1,3,111
12535,25,6,77.14,12.856666666666667,118,2011-12-10 18:30:00,4,3,3,10,433
12536,11,2,46.44,23.22,22,2011-12-10 18:30:00,5,1,2,8,512
12537,101,10,535.77,53.577,367,2011-12-10 18:30:00,2,5,4,11,254
12538,50,10,1060.69,106.069,239,2011-12-10 18:30:00,3,5,5,13,355
12539,35,1,12.31,12.31,35,2011-12-10 18:30:00,3,1,1,5,311
12540,20,13,1981.0,152.3846153846154,270,2011-12-10 18:30:00,4,5,5,14,455
12541,3,11,1138.3700000000001,103.48818181818183,363,2011-12-10 18:30:00,5,5,5,15,555
12542,229,2,87.44000000000001,43.720000000000006,259,2011-12-10 18:30:00,1,1,3,5,113
12543,4,1,20.94,20.94,4,2011-12-10 18:30:00,5,1,2,8,512
12544,25,15,1187.28,79.152,377,2011-12-10 18:30:00,4,5,5,14,455
12545,86,9,304.22,33.80222222222223,306,2011-12-10 18:30:00,2,4,4,10,244
12546,458,2,2.8600000000000003,1.4300000000000002,458,2011-12-10 18:30:00,1,1,1,3,111
12547,39,3,11.07,3.69,82,2011-12-10 18:30:00,3,2,1,6,321
12548,68,7,190.92000000000002,27.274285714285718,239,2011-12-10 18:30:00,3,4,3,10,343
12549,27,9,846.27,94.03,142,2011-12-10 18:30:00,4,4,5,13,445
12550,17,26,8395.46,322.90230769230766,638,2011-12-10 18:30:00,4,5,5,14,455
12551,79,6,310.82,51.803333333333335,168,2011-12-10 18:30:00,2,3,4,9,234
12552,47,17,1334.77,78.51588235294118,421,2011-12-10 18:30:00,3,5,5,13,355
12553,240,1,25.06,25.06,240,2011-12-10 18:30:00,1,1,2,4,112
12554,30,7,866.8199999999999,123.83142857142856,220,2011-12-10 18:30:00,4,4,5,13,445
12555,127,7,128.48,18.354285714285712,256,2011-12-10 18:30:00,2,4,3,9,243
12556,44,3,84.39,28.13,69,2011-12-10 18:30:00,3,2,3,8,323
12557,248,5,205.26,41.052,334,2011-12-10 18:30:00,1,3,3,7,133
12558,46,11,1436.86,130.62363636363636,298,2011-12-10 18:30:00,3,5,5,13,355
12559,233,1,24.330000000000002,24.330000000000002,233,2011-12-10 18:30:00,1,1,2,4,112
12560,272,2,35.91,17.955,314,2011-12-10 18:30:00,1,1,2,4,112
12561,264,3,45.75,15.25,353,2011-12-10 18:30:00,1,2,2,5,122
12562,25,19,2169.61,114.19000000000001,558,2011-12-10 18:30:00,4,5,5,14,455
12563,49,9,717.78,79.75333333333333,353,2011-12-10 18:30:00,3,4,4,11,344
12564,33,1,14.97,14.97,33,2011-12-10 18:30:00,4,1,1,6,411
12565,2,5,166.16,33.232,67,2011-12-10 18:30:00,5,3,3,11,533
12566,61,12,369.78,30.814999999999998,264,2011-12-10 18:30:00,3,5,4,12,354
12567,190,8,245.44,30.68,431,2011-12-10 18:30:00,1,4,4,9,144
12568,313,2,4.82,2.41,313,2011-12-10 18:30:00,1,1,1,3,111
12569,4,1,13.680000000000001,13.680000000000001,4,2011-12-10 18:30:00,5,1,1,7,511
12570,99,7,308.84999999999997,44.12142857142857,231,2011-12-10 18:30:00,2,4,4,10,244
12571,9,3,6.18,2.06,19,2011-12-10 18:30:00,5,2,1,8,521
12572,19,28,9198.28,328.51000000000005,610,2011-12-10 18:30:00,4,5,5,14,455
12573,143,4,147.58,36.895,236,2011-12-10 18:30:00,2,3,3,8,233
12574,242,1,6.779999999999999,6.779999999999999,242,2011-12-10 18:30:00,1,1,1,3,111
12575,32,13,1295.89,99.68384615384616,463,2011-12-10 18:30:00,4,5,5,14,455
12576,61,14,1292.66,92.33285714285715,444,2011-12-10 18:30:00,3,5,5,13,355
12577,91,6,228.63,38.105,222,2011-12-10 18:30:00,2,3,4,9,234
12578,11,1,9.379999999999999,9.379999999999999,11,2011-12-10 18:30:00,5,1,1,7,511
12579,5,2,32.11,16.055,37,2011-12-10 18:30:00,5,1,2,8,512
12580,21,1,20.52,20.52,21,2011-12-10 18:30:00,4,1,2,7,412
12581,101,2,27.02,13.51,121,2011-12-10 18:30:00,2,1,2,5,212
12582,76,6,247.99,41.33166666666667,158,2011-12-10 18:30:00,3,3,4,10,334
12583,405,1,8.52,8.52,405,2011-12-10 18:30:00,1,1,1,3,111
12584,13,27,7167.79,265.4737037037037,676,2011-12-10 18:30:00,5,5,5,15,555
12585,38,7,669.42,95.63142857142857,214,2011-12-10 18:30:00,3,4,4,11,344
12586,16,2,8.82,4.41,16,2011-12-10 18:30:00,5,1,1,7,511
12587,285,4,21.82,5.455,342,2011-12-10 18:30:00,1,3,2,6,132
12588,82,8,548.91,68.61375,339,2011-12-10 18:30:00,2,4,4,10,244
12589,69,6,448.5,74.75,225,2011-12-10 18:30:00,3,3,4,10,334
12590,186,11,194.58,17.68909090909091,385,2011-12-10 18:30:00,1,5,3,9,153
12591,34,2,11.75,5.875,41,2011-12-10 18:30:00,4,1,1,6,411
12592,11,7,138.41,19.77285714285714,159,2011-12-10 18:30:00,5,4,3,12,543
12593,199,4,121.24,30.31,287,2011-12-10 18:30:00,1,3,3,7,133
12594,105,8,270.53,33.81625,301,2011-12-10 18:30:00,2,4,4,10,244
12595,24,2,25.130000000000003,12.565000000000001,31,2011-12-10 18:30:00,4,1,2,7,412
12596,159,3,46.8,15.6,221,2011-12-10 18:30:00,2,2,2,6,222
12597,14,2,11.52,5.76,31,2011-12-10 18:30:00,5,1,1,7,511
12598,16,3,169.67000000000002,56.55666666666667,102,2011-12-10 18:30:00,5,2,3,10,523
12599,77,4,250.34,62.585,188,2011-12-10 18:30:00,3,3,4,10,334
12600,22,9,412.15999999999997,45.79555555555555,238,2011-12-10 18:30:00,4,4,4,12,444
12601,405,3,74.63,24.876666666666665,445,2011-12-10 18:30:00,1,2,3,6,123
12602,24,1,30.72,30.72,24,2011-12-10 18:30:00,4,1,2,7,412
12603,32,11,1638.6799999999998,148.9709090909091,333,2011-12-10 18:30:00,4,5,5,14,455
12604,1,16,2261.91,141.369375,397,2011-12-10 18:30:00,5,5,5,15,555
12605,218,2,14.14,7.07,241,2011-12-10 18:30:00,1,1,1,3,111
12606,17,10,1777.03,177.703,255,2011-12-10 18:30:00,4,5,5,14,455
12607,34,2,15.17,7.585,34,2011-12-10 18:30:00,4,1,1,6,411
12608,37,7,355.95,50.85,145,2011-12-10 18:30:00,3,4,4,11,344
12609,35,17,1520.3,89.42941176470588,695,2011-12-10 18:30:00,3,5,5,13,355
12610,35,2,31.42,15.71,55,2011-12-10 18:30:00,3,1,2,6,312
12611,42,13,2143.18,164.85999999999999,366,2011-12-10 18:30:00,3,5,5,13,355
12612,80,3,129.7,43.23333333333333,142,2011-12-10 18:30:00,2,2,3,7,223
12613,6,7,750.3000000000001,107.1857142857143,270,2011-12-10 18:30:00,5,4,4,13,544
12614,5,15,1480.05,98.67,533,2011-12-10 18:30:00,5,5,5,15,555
12615,25,16,3201.59,200.099375,421,2011-12-10 18:30:00,4,5,5,14,455
12616,7,27,9477.15,351.00555555555553,631,2011-12-10 18:30:00,5,5,5,15,555
12617,32,12,1260.2,105.01666666666667,384,2011-12-10 18:30:00,4,5,5,14,455
12618,11,24,5875.67,244.81958333333333,613,2011-12-10 18:30:00,5,5,5,15,555
12619,78,3,90.51,30.17,150,2011-12-10 18:30:00,2,2,3,7,223
12620,40,2,53.83,26.915,56,2011-12-10 18:30:00,3,1,2,6,312
12621,34,8,439.93,54.99125,244,2011-12-10 18:30:00,4,4,4,12,444
12622,23,3,111.51,37.17,57,2011-12-10 18:30:00,4,2,3,9,423
12623,64,2,46.7,23.35,91,2011-12-10 18:30:00,3,1,2,6,312
12624,33,1,9.92,9.92,33,2011-12-10 18:30:00,4,1,1,6,411
12625,2,2,48.5,24.25,14,2011-12-10 18:30:00,5,1,2,8,512
12626,1,20,6367.48,318.37399999999997,614,2011-12-10 18:30:00,5,5,5,15,555
12627,43,16,1328.51,83.031875,384,2011-12-10 18:30:00,3,5,5,13,355
12628,7,7,415.51,59.35857142857143,212,2011-12-10 18:30:00,5,4,4,13,544
12629,22,4,163.95,40.9875,116,2011-12-10 18:30:00,4,3,3,10,433
12630,19,6,119.45,19.908333333333335,133,2011-12-10 18:30:00,4,3,3,10,433
12631,181,6,131.11,21.85166666666667,309,2011-12-10 18:30:00,2,3,3,8,233
12632,22,15,3818.42,254.56133333333335,440,2011-12-10 18:30:00,4,5,5,14,455
12633,114,6,332.77,55.461666666666666,270,2011-12-10 18:30:00,2,3,4,9,234
12634,150,6,255.3,42.550000000000004,340,2011-12-10 18:30:00,2,3,4,9,234
12635,2,15,2502.33,166.822,326,2011-12-10 18:30:00,5,5,5,15,555
12636,12,2,6.3100000000000005,3.1550000000000002,54,2011-12-10 18:30:00,5,1,1,7,511
12637,22,29,5736.44,197.80827586206894,674,2011-12-10 18:30:00,4,5,5,14,455
12638,27,1,6.35,6.35,27,2011-12-10 18:30:00,4,1,1,6,411
12639,43,15,1776.25,118.41666666666667,406,2011-12-10 18:30:00,3,5,5,13,355
12640,24,2,14.64,7.32,30,2011-12-10 18:30:00,4,1,1,6,411
12641,36,4,4.11,1.0275,53,2011-12-10 18:30:00,3,3,1,7,331
12642,31,2,14.780000000000001,7.390000000000001,53,2011-12-10 18:30:00,4,1,1,6,411
12643,154,2,20.48,10.24,165,2011-12-10 18:30:00,2,1,2,5,212
12644,405,3,36.64,12.213333333333333,443,2011-12-10 18:30:00,1,2,2,5,122
12645,168,2,71.69,35.845,181,2011-12-10 18:30:00,2,1,3,6,213
12646,483,1,32.739999999999995,32.739999999999995,483,2011-12-10 18:30:00,1,1,2,4,112
12647,56,15,1262.88,84.19200000000001,584,2011-12-10 18:30:00,3,5,5,13,355
12648,203,3,157.72,52.57333333333333,291,2011-12-10 18:30:00,1,2,3,6,123
12649,51,2,92.59,46.295,69,2011-12-10 18:30:00,3,1,3,7,313
12650,1,1,18.32,18.32,1,2011-12-10 18:30:00,5,1,1,7,511
12651,181,5,65.07,13.014,301,2011-12-10 18:30:00,2,3,2,7,232
12652,69,3,264.9,88.3,145,2011-12-10 18:30:00,3,2,4,9,324
12653,78,2,69.4,34.7,117,2011-12-10 18:30:00,2,1,3,6,213
12654,50,8,523.4399999999999,65.42999999999999,239,2011-12-10 18:30:00,3,4,4,11,344
12655,38,17,1950.48,114.73411764705882,597,2011-12-10 18:30:00,3,5,5,13,355
12656,80,7,206.83999999999997,29.548571428571424,240,2011-12-10 18:30:00,2,4,3,9,243
12657,235,7,237.13,33.87571428571429,440,2011-12-10 18:30:00,1,4,4,9,144
12658,6,9,536.86,59.65111111111111,151,2011-12-10 18:30:00,5,4,4,13,544
12659,96,8,229.94,28.7425,167,2011-12-10 18:30:00,2,4,4,10,244
12660,45,5,255.99,51.198,141,2011-12-10 18:30:00,3,3,4,10,334
12661,113,4,174.53,43.6325,182,2011-12-10 18:30:00,2,3,3,8,233
12662,56,5,103.66,20.732,119,2011-12-10 18:30:00,3,3,3,9,333
12663,198,1,5.8,5.8,198,2011-12-10 18:30:00,1,1,1,3,111
12664,20,5,71.10000000000001,14.220000000000002,104,2011-12-10 18:30:00,4,3,3,10,433
12665,2,1,1.58,1.58,2,2011-12-10 18:30:00,5,1,1,7,511
12666,17,1,14.930000000000001,14.930000000000001,17,2011-12-10 18:30:00,4,1,1,6,411
12667,15,4,200.79999999999998,50.199999999999996,102,2011-12-10 18:30:00,5,3,3,11,533
12668,54,4,135.95,33.9875,100,2011-12-10 18:30:00,3,3,3,9,333
12669,147,2,64.6,32.3,181,2011-12-10 18:30:00,2,1,2,5,212
12670,14,2,21.65,10.825,50,2011-12-10 18:30:00,5,1,2,8,512
12671,165,3,63.620000000000005,21.206666666666667,241,2011-12-10 18:30:00,2,2,2,6,222
12672,73,1,4.36,4.36,73,2011-12-10 18:30:00,3,1,1,5,311
12673,147,3,123.80000000000001,41.26666666666667,210,2011-12-10 18:30:00,2,2,3,7,223
12674,240,3,51.26,17.086666666666666,264,2011-12-10 18:30:00,1,2,2,5,122
12675,48,5,239.25,47.85,147,2011-12-10 18:30:00,3,3,4,10,334
12676,60,3,20.71,6.903333333333333,70,2011-12-10 18:30:00,3,2,2,7,322
12677,39,6,386.4,64.39999999999999,191,2011-12-10 18:30:00,3,3,4,10,334
12678,131,1,10.65,10.65,131,2011-12-10 18:30:00,2,1,1,4,211
12679,16,1,1.44,1.44,16,2011-12-10 18:30:00,5,1,1,7,511
12680,39,9,754.64,83.8488888888889,332,2011-12-10 18:30:00,3,4,4,11,344
12681,205,4,130.53,32.6325,334,2011-12-10 18:30:00,1,3,3,7,133
12682,27,10,1568.76,156.876,279,2011-12-10 18:30:00,4,5,5,14,455
12683,117,2,34.05,17.025,130,2011-12-10 18:30:00,2,1,2,5,212
12684,16,14,1319.57,94.255,456,2011-12-10 18:30:00,5,5,5,15,555
12685,6,2,26.6,13.3,31,2011-12-10 18:30:00,5,1,2,8,512
12686,23,15,1254.75,83.65,569,2011-12-10 18:30:00,4,5,5,14,455
12687,8,1,15.16,15.16,8,2011-12-10 18:30:00,5,1,1,7,511
12688,278,5,28.78,5.756,322,2011-12-10 18:30:00,1,3,2,6,132
12689,193,6,276.95,46.15833333333333,373,2011-12-10 18:30:00,1,3,4,8,134
12690,489,1,5.04,5.04,489,2011-12-10 18:30:00,1,1,1,3,111
12691,268,3,15.0,5.0,298,2011-12-10 18:30:00,1,2,1,4,121
12692,22,1,24.06,24.06,22,2011-12-10 18:30:00,4,1,2,7,412
12693,98,4,463.57,115.8925,218,2011-12-10 18:30:00,2,3,4,9,234
12694,184,6,275.89,45.98166666666666,324,2011-12-10 18:30:00,1,3,4,8,134
12695,42,9,1245.56,138.39555555555555,136,2011-12-10 18:30:00,3,4,5,12,345
12696,186,3,96.11,32.03666666666667,273,2011-12-10 18:30:00,1,2,3,6,123
12697,1,15,1413.97,94.26466666666667,534,2011-12-10 18:30:00,5,5,5,15,555
12698,240,6,252.52,42.086666666666666,365,2011-12-10 18:30:00,1,3,4,8,134
12699,190,7,128.4,18.342857142857145,361,2011-12-10 18:30:00,1,4,3,8,143
12700,159,3,14.350000000000001,4.783333333333334,177,2011-12-10 18:30:00,2,2,1,5,221
12701,166,4,155.91,38.9775,250,2011-12-10 18:30:00,2,3,3,8,233
12702,306,4,39.82,9.955,358,2011-12-10 18:30:00,1,3,2,6,132
12703,243,2,40.290000000000006,20.145000000000003,285,2011-12-10 18:30:00,1,1,2,4,112
12704,192,7,220.04,31.434285714285714,353,2011-12-10 18:30:00,1,4,3,8,143
12705,176,5,68.15,13.63,290,2011-12-10 18:30:00,2,3,3,8,233
12706,17,1,18.96,18.96,17,2011-12-10 18:30:00,4,1,1,6,411
12707,2,8,514.1899999999999,64.27374999999999,267,2011-12-10 18:30:00,5,4,4,13,544
12708,17,9,718.73,79.85888888888888,234,2011-12-10 18:30:00,4,4,4,12,444
12709,47,10,1296.8,129.68,272,2011-12-10 18:30:00,3,5,5,13,355
12710,371,2,20.85,10.425,415,2011-12-10 18:30:00,1,1,2,4,112
12711,119,4,269.05,67.2625,236,2011-12-10 18:30:00,2,3,4,9,234
12712,104,2,18.490000000000002,9.245000000000001,134,2011-12-10 18:30:00,2,1,1,4,211
12713,101,2,23.77,11.885,134,2011-12-10 18:30:00,2,1,2,5,212
12714,78,9,605.7,67.30000000000001,341,2011-12-10 18:30:00,2,4,4,10,244
12715,19,2,0.7400000000000002,0.3700000000000001,19,2011-12-10 18:30:00,4,1,1,6,411
12716,320,4,20.700000000000003,5.175000000000001,400,2011-12-10 18:30:00,1,3,2,6,132
12717,85,5,176.44,35.288,133,2011-12-10 18:30:00,2,3,3,8,233
12718,8,10,471.8,47.18,224,2011-12-10 18:30:00,5,5,4,14,554
12719,91,4,133.07,33.2675,193,2011-12-10 18:30:00,2,3,3,8,233
12720,49,10,1029.51,102.951,174,2011-12-10 18:30:00,3,5,5,13,355
12721,9,16,1662.15,103.884375,466,2011-12-10 18:30:00,5,5,5,15,555
12722,30,2,32.81,16.405,39,2011-12-10 18:30:00,4,1,2,7,412
12723,45,2,79.58,39.79,61,2011-12-10 18:30:00,3,1,3,7,313
12724,12,4,138.48,34.62,141,2011-12-10 18:30:00,5,3,3,11,533
12725,56,3,23.41,7.803333333333334,107,2011-12-10 18:30:00,3,2,2,7,322
12726,22,6,254.41,42.401666666666664,198,2011-12-10 18:30:00,4,3,4,11,434
12727,21,2,39.870000000000005,19.935000000000002,43,2011-12-10 18:30:00,4,1,2,7,412
12728,493,2,18.79,9.395,507,2011-12-10 18:30:00,1,1,1,3,111
12729,241,3,101.46000000000001,33.82,303,2011-12-10 18:30:00,1,2,3,6,123
12730,34,3,35.330000000000005,11.776666666666669,67,2011-12-10 18:30:00,4,2,2,8,422
12731,23,1,12.780000000000001,12.780000000000001,23,2011-12-10 18:30:00,4,1,1,6,411
12732,130,2,27.93,13.965,142,2011-12-10 18:30:00,2,1,2,5,212
12733,29,1,12.28,12.28,29,2011-12-10 18:30:00,4,1,1,6,411
12734,41,13,1361.09,104.69923076923077,411,2011-12-10 18:30:00,3,5,5,13,355
12735,7,1,1.21,1.21,7,2011-12-10 18:30:00,5,1,1,7,511
12736,155,2,29.9,14.95,181,2011-12-10 18:30:00,2,1,2,5,212
12737,53,13,1263.72,97.20923076923077,431,2011-12-10 18:30:00,3,5,5,13,355
12738,164,2,98.89,49.445,194,2011-12-10 18:30:00,2,1,3,6,213
12739,497,2,18.0,9.0,507,2011-12-10 18:30:00,1,1,1,3,111
12740,21,35,12058.19,344.5197142857143,681,2011-12-10 18:30:00,4,5,5,14,455
12741,200,7,307.31,43.901428571428575,416,2011-12-10 18:30:00,1,4,4,9,144
12742,21,1,8.98,8.98,21,2011-12-10 18:30:00,4,1,1,6,411
12743,117,10,358.53000000000003,35.853,322,2011-12-10 18:30:00,2,5,4,11,254
12744,244,6,121.95,20.325,459,2011-12-10 18:30:00,1,3,3,7,133
12745,141,4,148.79,37.1975,199,2011-12-10 18:30:00,2,3,3,8,233
12746,11,9,433.28999999999996,48.14333333333333,144,2011-12-10 18:30:00,5,4,4,13,544
12747,30,1,1.4,1.4,30,2011-12-10 18:30:00,4,1,1,6,411
12748,179,4,86.53,21.6325,214,2011-12-10 18:30:00,2,3,3,8,233
12749,59,14,2011.79,143.6992857142857,527,2011-12-10 18:30:00,3,5,5,13,355
12750,24,2,6.8100000000000005,3.4050000000000002,24,2011-12-10 18:30:00,4,1,1,6,411
12751,3,2,14.27,7.135,43,2011-12-10 18:30:00,5,1,1,7,511
12752,84,3,288.9,96.3,150,2011-12-10 18:30:00,2,2,4,8,224
12753,10,2,7.34,3.67,51,2011-12-10 18:30:00,5,1,1,7,511
12754,46,14,1958.12,139.8657142857143,424,2011-12-10 18:30:00,3,5,5,13,355
12755,29,2,11.989999999999998,5.994999999999999,29,2011-12-10 18:30:00,4,1,1,6,411
12756,228,1,7.709999999999999,7.709999999999999,228,2011-12-10 18:30:00,1,1,1,3,111
12757,223,3,51.84,17.28,266,2011-12-10 18:30:00,1,2,2,5,122
12758,16,11,1247.18,113.38000000000001,386,2011-12-10 18:30:00,5,5,5,15,555
12759,36,2,26.21,13.105,47,2011-12-10 18:30:00,3,1,2,6,312
12760,9,17,5097.52,299.85411764705884,412,2011-12-10 18:30:00,5,5,5,15,555
12761,3,9,283.37,31.485555555555557,255,2011-12-10 18:30:00,5,4,4,13,544
12762,3,8,989.21,123.65125,217,2011-12-10 18:30:00,5,4,5,14,545
12763,277,2,22.09,11.045,293,2011-12-10 18:30:00,1,1,2,4,112
12764,20,15,1403.45,93.56333333333333,440,2011-12-10 18:30:00,4,5,5,14,455
12765,26,3,24.759999999999998,8.253333333333332,45,2011-12-10 18:30:00,4,2,2,8,422
12766,314,3,92.02,30.673333333333332,377,2011-12-10 18:30:00,1,2,3,6,123
12767,5,28,6425.27,229.4739285714286,687,2011-12-10 18:30:00,5,5,5,15,555
12768,2,24,7101.21,295.88375,617,2011-12-10 18:30:00,5,5,5,15,555
12769,20,28,7917.349999999999,282.7625,700,2011-12-10 18:30:00,4,5,5,14,455
12770,173,6,272.81,45.468333333333334,293,2011-12-10 18:30:00,2,3,4,9,234
12771,45,4,61.519999999999996,15.379999999999999,83,2011-12-10 18:30:00,3,3,2,8,332
12772,65,8,434.55,54.31875,265,2011-12-10 18:30:00,3,4,4,11,344
12773,2,1,7.86,7.86,2,2011-12-10 18:30:00,5,1,1,7,511
12774,1,19,4916.05,258.7394736842105,463,2011-12-10 18:30:00,5,5,5,15,555
12775,478,2,23.58,11.79,494,2011-12-10 18:30:00,1,2,2,5,122
12776,21,2,7.529999999999999,3.7649999999999997,41,2011-12-10 18:30:00,4,2,1,7,421
12777,210,1,2.67,2.67,210,2011-12-10 18:30:00,1,1,1,3,111
12778,445,2,45.62,22.81,478,2011-12-10 18:30:00,1,2,2,5,122
12779,25,3,11.690000000000001,3.896666666666667,47,2011-12-10 18:30:00,4,2,1,7,421
12780,8,17,3799.8900000000003,223.5229411764706,372,2011-12-10 18:30:00,5,5,5,15,555
12781,28,7,468.12,66.87428571428572,160,2011-12-10 18:30:00,4,4,4,12,444
12782,52,13,1693.81,130.2930769230769,482,2011-12-10 18:30:00,3,5,5,13,355
12783,130,3,17.22,5.739999999999999,150,2011-12-10 18:30:00,2,2,1,5,221
12784,207,3,70.87,23.623333333333335,242,2011-12-10 18:30:00,1,2,3,6,123
12785,172,2,35.730000000000004,17.865000000000002,198,2011-12-10 18:30:00,2,2,2,6,222
12786,11,1,1.28,1.28,11,2011-12-10 18:30:00,5,1,1,7,511
12787,48,13,1036.53,79.73307692307692,378,2011-12-10 18:30:00,3,5,5,13,355
12788,489,1,43.68,43.68,489,2011-12-10 18:30:00,1,1,2,4,112
12789,1,17,1590.01,93.53,573,2011-12-10 18:30:00,5,5,5,15,555
12790,6,6,286.26,47.71,178,2011-12-10 18:30:00,5,3,4,12,534
12791,106,1,15.14,15.14,106,2011-12-10 18:30:00,2,1,1,4,211
12792,28,3,32.34,10.780000000000001,34,2011-12-10 18:30:00,4,2,2,8,422
12793,184,7,251.35000000000002,35.90714285714286,418,2011-12-10 18:30:00,1,4,4,9,144
12794,15,27,6814.86,252.4022222222222,483,2011-12-10 18:30:00,5,5,5,15,555
12795,176,7,107.25,15.321428571428571,347,2011-12-10 18:30:00,2,4,3,9,243
12796,20,25,5948.88,237.9552,596,2011-12-10 18:30:00,4,5,5,14,455
12797,14,1,0.59,0.59,14,2011-12-10 18:30:00,5,1,1,7,511
12798,99,3,22.549999999999997,7.516666666666666,122,2011-12-10 18:30:00,2,2,2,6,222
12799,2,11,1032.68,93.88000000000001,186,2011-12-10 18:30:00,5,5,5,15,555
12800,13,11,1710.24,155.47636363636363,286,2011-12-10 18:30:00,5,5,5,15,555
12801,27,11,764.42,69.49272727272727,315,2011-12-10 18:30:00,4,5,4,13,454
12802,5,1,14.719999999999999,14.719999999999999,5,2011-12-10 18:30:00,5,1,1,7,511
12803,116,4,140.12,35.03,201,2011-12-10 18:30:00,2,3,3,8,233
12804,444,2,27.939999999999998,13.969999999999999,453,2011-12-10 18:30:00,1,2,2,5,122
12805,402,1,10.95,10.95,402,2011-12-10 18:30:00,1,1,1,3,111
12806,158,4,188.37,47.0925,257,2011-12-10 18:30:00,2,3,3,8,233
12807,49,16,1632.79,102.049375,500,2011-12-10 18:30:00,3,5,5,13,355
12808,34,2,27.33,13.665,40,2011-12-10 18:30:00,4,2,2,8,422
12809,8,9,489.88,54.43111111111111,178,2011-12-10 18:30:00,5,4,4,13,544
12810,81,7,301.74,43.105714285714285,166,2011-12-10 18:30:00,2,4,4,10,244
12811,376,3,75.91,25.30333333333333,440,2011-12-10 18:30:00,1,2,3,6,123
12812,230,1,1.44,1.44,230,2011-12-10 18:30:00,1,1,1,3,111
12813,20,1,2.59,2.59,20,2011-12-10 18:30:00,4,1,1,6,411
12814,16,17,1768.3400000000001,104.02000000000001,446,2011-12-10 18:30:00,5,5,5,15,555
12815,30,7,174.57999999999998,24.939999999999998,69,2011-12-10 18:30:00,4,4,3,11,443
12816,142,7,360.88,51.55428571428571,278,2011-12-10 18:30:00,2,4,4,10,244
12817,201,5,211.16,42.232,329,2011-12-10 18:30:00,1,3,3,7,133
12818,49,16,1025.07,64.066875,694,2011-12-10 18:30:00,3,5,5,13,355
12819,11,13,1410.32,108.48615384615384,371,2011-12-10 18:30:00,5,5,5,15,555
12820,58,4,170.15,42.5375,163,2011-12-10 18:30:00,3,3,3,9,333
12821,31,5,377.13,75.426,111,2011-12-10 18:30:00,4,3,4,11,434
12822,226,10,166.8,16.68,364,2011-12-10 18:30:00,1,5,3,9,153
12823,91,6,98.93,16.488333333333333,179,2011-12-10 18:30:00,2,3,3,8,233
12824,341,2,54.9,27.45,351,2011-12-10 18:30:00,1,2,2,5,122
12825,63,7,223.86,31.98,194,2011-12-10 18:30:00,3,4,4,11,344
12826,16,4,81.8,20.45,80,2011-12-10 18:30:00,5,3,3,11,533
12827,14,5,354.49,70.898,142,2011-12-10 18:30:00,5,3,4,12,534
12828,258,8,135.24,16.905,384,2011-12-10 18:30:00,1,4,3,8,143
12829,71,6,281.23,46.87166666666667,138,2011-12-10 18:30:00,3,4,4,11,344
12830,12,34,9070.97,266.7932352941176,650,2011-12-10 18:30:00,5,5,5,15,555
12831,173,3,120.38999999999999,40.129999999999995,210,2011-12-10 18:30:00,2,2,3,7,223
12832,37,5,142.04,28.407999999999998,149,2011-12-10 18:30:00,3,3,3,9,333
12833,17,6,189.70999999999998,31.61833333333333,153,2011-12-10 18:30:00,4,4,3,11,443
12834,38,3,31.14,10.38,72,2011-12-10 18:30:00,3,2,2,7,322
12835,125,4,116.93,29.2325,236,2011-12-10 18:30:00,2,3,3,8,233
12837,303,3,28.32,9.44,314,2011-12-10 18:30:00,1,2,2,5,122
12838,465,3,11.31,3.77,505,2011-12-10 18:30:00,1,2,1,4,121
12839,4,3,167.37,55.79,74,2011-12-10 18:30:00,5,2,3,10,523
12840,222,3,14.02,4.673333333333333,289,2011-12-10 18:30:00,1,2,1,4,121
12841,249,3,46.769999999999996,15.589999999999998,289,2011-12-10 18:30:00,1,2,2,5,122
12842,130,3,45.31,15.103333333333333,149,2011-12-10 18:30:00,2,2,2,6,222
12843,335,3,82.33,27.44333333333333,408,2011-12-10 18:30:00,1,2,3,6,123
12844,82,8,597.1,74.6375,221,2011-12-10 18:30:00,2,4,4,10,244
12845,96,6,238.76999999999998,39.794999999999995,248,2011-12-10 18:30:00,2,4,4,10,244
12846,139,4,30.17,7.5425,221,2011-12-10 18:30:00,2,3,2,7,232
12847,13,1,9.6,9.6,13,2011-12-10 18:30:00,5,1,1,7,511
12848,11,1,30.85,30.85,11,2011-12-10 18:30:00,5,1,2,8,512
12849,124,5,211.88,42.376,235,2011-12-10 18:30:00,2,3,3,8,233
12850,180,6,204.3,34.050000000000004,332,2011-12-10 18:30:00,2,4,3,9,243
12851,435,2,83.89999999999999,41.949999999999996,446,2011-12-10 18:30:00,1,2,3,6,123
12852,114,3,64.25,21.416666666666668,203,2011-12-10 18:30:00,2,2,2,6,222
12853,21,2,4.8100000000000005,2.4050000000000002,58,2011-12-10 18:30:00,4,2,1,7,421
12854,251,6,85.27,14.211666666666666,339,2011-12-10 18:30:00,1,4,3,8,143
12855,27,10,796.12,79.612,315,2011-12-10 18:30:00,4,5,4,13,454
12856,7,11,923.5600000000001,83.96000000000001,319,2011-12-10 18:30:00,5,5,5,15,555
12857,13,2,24.78,12.39,32,2011-12-10 18:30:00,5,2,2,9,522
12858,15,23,5959.22,259.0965217391304,631,2011-12-10 18:30:00,5,5,5,15,555
12859,83,4,338.16,84.54,185,2011-12-10 18:30:00,2,3,4,9,234
12860,51,5,363.73,72.74600000000001,95,2011-12-10 18:30:00,3,3,4,10,334
12861,27,7,843.1999999999999,120.45714285714284,207,2011-12-10 18:30:00,4,4,4,12,444
12862,78,9,463.47,51.49666666666667,252,2011-12-10 18:30:00,2,4,4,10,244
12863,216,4,22.91,5.7275,244,2011-12-10 18:30:00,1,3,2,6,132
12864,20,25,9361.37,374.45480000000003,594,2011-12-10 18:30:00,4,5,5,14,455
12865,40,1,1.02,1.02,40,2011-12-10 18:30:00,3,1,1,5,311
12866,34,3,16.21,5.403333333333333,63,2011-12-10 18:30:00,4,2,1,7,421
12867,69,8,343.26,42.9075,290,2011-12-10 18:30:00,3,4,4,11,344
12868,12,16,1970.83,123.176875,597,2011-12-10 18:30:00,5,5,5,15,555
12869,225,6,135.97,22.661666666666665,389,2011-12-10 18:30:00,1,4,3,8,143
12870,2,11,2053.83,186.7118181818182,298,2011-12-10 18:30:00,5,5,5,15,555
12871,89,3,111.85,37.28333333333333,143,2011-12-10 18:30:00,2,2,3,7,223
12872,30,2,8.18,4.09,74,2011-12-10 18:30:00,4,2,1,7,421
12873,28,1,14.93,14.93,28,2011-12-10 18:30:00,4,1,1,6,411
12874,254,3,10.950000000000001,3.6500000000000004,328,2011-12-10 18:30:00,1,2,1,4,121
12875,7,8,478.64,59.83,133,2011-12-10 18:30:00,5,4,4,13,544
12876,15,3,31.67,10.556666666666667,70,2011-12-10 18:30:00,5,2,2,9,522
12877,370,1,5.529999999999999,5.529999999999999,370,2011-12-10 18:30:00,1,1,1,3,111
12878,37,4,338.70000000000005,84.67500000000001,151,2011-12-10 18:30:00,3,3,4,10,334
12879,377,2,31.86,15.93,397,2011-12-10 18:30:00,1,2,2,5,122
12880,10,22,7295.38,331.60818181818183,621,2011-12-10 18:30:00,5,5,5,15,555
12881,76,9,244.56,27.173333333333332,384,2011-12-10 18:30:00,3,4,4,11,344
12882,129,5,77.5,15.5,289,2011-12-10 18:30:00,2,3,3,8,233
12883,41,7,1097.24,156.74857142857144,205,2011-12-10 18:30:00,3,4,5,12,345
12884,9,13,1921.09,147.77615384615385,377,2011-12-10 18:30:00,5,5,5,15,555
12885,7,1,1.78,1.78,7,2011-12-10 18:30:00,5,1,1,7,511
12886,31,1,35.28,35.28,31,2011-12-10 18:30:00,4,1,2,7,412
12887,14,7,308.84,44.12,195,2011-12-10 18:30:00,5,4,4,13,544
12888,28,2,17.71,8.855,72,2011-12-10 18:30:00,4,2,1,7,421
12889,37,2,6.0,3.0,37,2011-12-10 18:30:00,3,2,1,6,321
12890,23,10,1259.94,125.994,149,2011-12-10 18:30:00,4,5,5,14,455
12891,249,8,261.39,32.67375,508,2011-12-10 18:30:00,1,4,4,9,144
12892,115,3,214.24,71.41333333333334,187,2011-12-10 18:30:00,2,2,3,7,223
12893,23,14,2222.19,158.72785714285715,433,2011-12-10 18:30:00,4,5,5,14,455
12894,368,2,21.28,10.64,373,2011-12-10 18:30:00,1,2,2,5,122
12895,24,3,119.72999999999999,39.91,58,2011-12-10 18:30:00,4,2,3,9,423
12896,198,5,226.84,45.368,267,2011-12-10 18:30:00,1,3,4,8,134
12897,2,17,2198.24,129.30823529411762,556,2011-12-10 18:30:00,5,5,5,15,555
12898,28,11,1427.07,129.73363636363635,391,2011-12-10 18:30:00,4,5,5,14,455
12899,13,1,10.39,10.39,13,2011-12-10 18:30:00,5,1,1,7,511
12900,13,25,5799.86,231.99439999999998,534,2011-12-10 18:30:00,5,5,5,15,555
12901,76,9,456.94,50.77111111111111,240,2011-12-10 18:30:00,3,4,4,11,344
12902,117,7,423.79,60.541428571428575,272,2011-12-10 18:30:00,2,4,4,10,244
12903,156,2,33.36,16.68,238,2011-12-10 18:30:00,2,2,2,6,222
12904,87,6,147.12,24.52,297,2011-12-10 18:30:00,2,4,3,9,243
12905,50,3,59.18,19.726666666666667,89,2011-12-10 18:30:00,3,2,2,7,322
12906,32,12,1661.81,138.48416666666665,334,2011-12-10 18:30:00,4,5,5,14,455
12907,33,3,114.81,38.27,121,2011-12-10 18:30:00,4,2,3,9,423
12908,13,1,2.88,2.88,13,2011-12-10 18:30:00,5,1,1,7,511
12910,406,1,30.659999999999997,30.659999999999997,406,2011-12-10 18:30:00,1,1,2,4,112
12911,211,2,0.38000000000000045,0.19000000000000022,211,2011-12-10 18:30:00,1,2,1,4,121
12912,287,3,29.990000000000002,9.996666666666668,349,2011-12-10 18:30:00,1,2,2,5,122
12913,10,20,8430.99,421.54949999999997,639,2011-12-10 18:30:00,5,5,5,15,555
12914,27,8,178.23,22.27875,230,2011-12-10 18:30:00,4,4,3,11,443
12915,35,4,36.82,9.205,81,2011-12-10 18:30:00,3,3,2,8,332
12916,85,8,419.29,52.41125,286,2011-12-10 18:30:00,2,4,4,10,244
12917,32,2,0.009999999999999787,0.004999999999999893,32,2011-12-10 18:30:00,4,2,1,7,421
12918,247,4,162.38,40.595,328,2011-12-10 18:30:00,1,3,3,7,133
12920,8,1,5.0,5.0,8,2011-12-10 18:30:00,5,1,1,7,511
12921,166,7,389.69,55.67,411,2011-12-10 18:30:00,2,4,4,10,244
12922,7,1,3.24,3.24,7,2011-12-10 18:30:00,5,1,1,7,511
12923,109,4,134.45,33.6125,217,2011-12-10 18:30:00,2,3,3,8,233
12924,19,1,3.44,3.44,19,2011-12-10 18:30:00,4,1,1,6,411
12925,32,10,500.67,50.067,328,2011-12-10 18:30:00,4,5,4,13,454
12926,214,3,135.72,45.24,268,2011-12-10 18:30:00,1,2,3,6,123
12927,177,7,129.95,18.564285714285713,349,2011-12-10 18:30:00,2,4,3,9,243
12928,42,8,1206.6,150.825,178,2011-12-10 18:30:00,3,4,5,12,345
12929,13,4,249.28,62.32,91,2011-12-10 18:30:00,5,3,4,12,534
12930,3,2,39.44,19.72,23,2011-12-10 18:30:00,5,2,2,9,522
12931,198,3,36.66,12.219999999999999,262,2011-12-10 18:30:00,1,2,2,5,122
12932,35,19,1510.83,79.51736842105262,477,2011-12-10 18:30:00,3,5,5,13,355
12933,72,3,143.93,47.97666666666667,110,2011-12-10 18:30:00,3,2,3,8,323
12934,49,9,969.37,107.70777777777778,269,2011-12-10 18:30:00,3,4,5,12,345
12935,22,22,4951.89,225.0859090909091,702,2011-12-10 18:30:00,4,5,5,14,455
12936,7,2,21.86,10.93,39,2011-12-10 18:30:00,5,2,2,9,522
12937,166,4,138.86,34.715,231,2011-12-10 18:30:00,2,3,3,8,233
12938,19,9,371.91,41.32333333333334,239,2011-12-10 18:30:00,4,4,4,12,444
12939,87,7,203.61,29.087142857142858,216,2011-12-10 18:30:00,2,4,3,9,243
12940,1,19,4891.37,257.44052631578944,625,2011-12-10 18:30:00,5,5,5,15,555
12941,73,7,354.04,50.57714285714286,217,2011-12-10 18:30:00,3,4,4,11,344
12942,381,1,1.36,1.36,381,2011-12-10 18:30:00,1,1,1,3,111
12943,413,2,55.58,27.79,438,2011-12-10 18:30:00,1,2,2,5,122
12944,34,1,13.75,13.75,34,2011-12-10 18:30:00,4,1,1,6,411
12945,168,4,69.45,17.3625,210,2011-12-10 18:30:00,2,3,3,8,233
12946,16,6,230.32,38.38666666666666,164,2011-12-10 18:30:00,5,4,4,13,544
12947,270,2,27.82,13.91,295,2011-12-10 18:30:00,1,2,2,5,122
12948,15,1,2.9699999999999998,2.9699999999999998,15,2011-12-10 18:30:00,5,1,1,7,511
12949,329,3,17.98,5.993333333333333,350,2011-12-10 18:30:00,1,2,1,4,121
12950,5,2,5.97,2.985,18,2011-12-10 18:30:00,5,2,1,8,521
12951,143,1,17.22,17.22,143,2011-12-10 18:30:00,2,1,1,4,211
12952,21,1,2.32,2.32,21,2011-12-10 18:30:00,4,1,1,6,411
12953,21,7,608.73,86.96142857142857,186,2011-12-10 18:30:00,4,4,4,12,444
12954,225,1,19.02,19.02,225,2011-12-10 18:30:00,1,1,1,3,111
12955,8,5,110.67999999999999,22.136,86,2011-12-10 18:30:00,5,3,3,11,533
12956,111,4,139.81,34.9525,230,2011-12-10 18:30:00,2,3,3,8,233
12957,35,3,48.99,16.330000000000002,88,2011-12-10 18:30:00,3,2,2,7,322
12958,17,1,2.52,2.52,17,2011-12-10 18:30:00,4,1,1,6,411
12959,18,1,7.1899999999999995,7.1899999999999995,18,2011-12-10 18:30:00,4,1,1,6,411
12960,33,9,319.09,35.45444444444444,141,2011-12-10 18:30:00,4,4,4,12,444
12961,400,3,42.64,14.213333333333333,456,2011-12-10 18:30:00,1,2,2,5,122
12962,241,1,12.629999999999999,12.629999999999999,241,2011-12-10 18:30:00,1,1,1,3,111
12963,80,7,189.19,27.027142857142856,212,2011-12-10 18:30:00,2,4,3,9,243
12964,46,15,2330.18,155.34533333333331,453,2011-12-10 18:30:00,3,5,5,13,355
12965,2,17,4283.42,251.96588235294118,492,2011-12-10 18:30:00,5,5,5,15,555
12966,343,3,38.120000000000005,12.706666666666669,391,2011-12-10 18:30:00,1,2,2,5,122
12967,152,7,252.21,36.03,348,2011-12-10 18:30:00,2,4,4,10,244
12968,18,1,18.88,18.88,18,2011-12-10 18:30:00,4,1,1,6,411
12969,85,2,195.9,97.95,125,2011-12-10 18:30:00,2,2,3,7,223
12970,10,1,2.01,2.01,10,2011-12-10 18:30:00,5,1,1,7,511
12971,152,3,82.31,27.436666666666667,229,2011-12-10 18:30:00,2,2,3,7,223
12972,138,3,54.44,18.146666666666665,192,2011-12-10 18:30:00,2,2,2,6,222
12973,24,16,2228.56,139.285,556,2011-12-10 18:30:00,4,5,5,14,455
12974,50,4,212.91,53.2275,101,2011-12-10 18:30:00,3,3,3,9,333
12975,368,2,27.200000000000003,13.600000000000001,375,2011-12-10 18:30:00,1,2,2,5,122
12976,9,2,31.62,15.81,53,2011-12-10 18:30:00,5,2,2,9,522
12977,23,2,15.780000000000001,7.890000000000001,29,2011-12-10 18:30:00,4,2,1,7,421
12978,1,29,9974.33,343.94241379310347,673,2011-12-10 18:30:00,5,5,5,15,555
12979,102,3,163.45,54.48333333333333,116,2011-12-10 18:30:00,2,2,3,7,223
12980,6,25,9419.78,376.7912,709,2011-12-10 18:30:00,5,5,5,15,555
12981,11,9,850.51,94.50111111111111,151,2011-12-10 18:30:00,5,4,5,14,545
12982,461,3,18.83,6.276666666666666,495,2011-12-10 18:30:00,1,2,1,4,121
12983,261,4,46.56999999999999,11.642499999999998,304,2011-12-10 18:30:00,1,3,2,6,132
12984,58,3,29.87,9.956666666666667,144,2011-12-10 18:30:00,3,2,2,7,322
12985,24,1,11.65,11.65,24,2011-12-10 18:30:00,4,1,1,6,411
12986,69,1,10.95,10.95,69,2011-12-10 18:30:00,3,1,1,5,311
12987,435,3,14.920000000000002,4.973333333333334,476,2011-12-10 18:30:00,1,2,1,4,121
12988,21,22,2850.0699999999997,129.54863636363635,667,2011-12-10 18:30:00,4,5,5,14,455
12989,25,6,302.0,50.333333333333336,80,2011-12-10 18:30:00,4,4,4,12,444
12990,64,3,6.320000000000001,2.106666666666667,69,2011-12-10 18:30:00,3,2,1,6,321
12991,22,4,15.100000000000001,3.7750000000000004,46,2011-12-10 18:30:00,4,3,1,8,431
12992,6,29,7644.27,263.5955172413793,646,2011-12-10 18:30:00,5,5,5,15,555
12993,13,4,67.71000000000001,16.927500000000002,32,2011-12-10 18:30:00,5,3,3,11,533
12994,253,2,6.55,3.275,280,2011-12-10 18:30:00,1,2,1,4,121
12995,14,27,8780.06,325.18740740740736,710,2011-12-10 18:30:00,5,5,5,15,555
12996,188,3,200.76,66.92,226,2011-12-10 18:30:00,1,2,3,6,123
12997,24,2,11.059999999999999,5.529999999999999,55,2011-12-10 18:30:00,4,2,1,7,421
12998,48,2,53.730000000000004,26.865000000000002,79,2011-12-10 18:30:00,3,2,2,7,322
12999,30,6,331.94,55.32333333333333,115,2011-12-10 18:30:00,4,4,4,12,444
13000,14,1,2.0999999999999996,2.0999999999999996,14,2011-12-10 18:30:00,5,1,1,7,511
13001,51,6,444.79,74.13166666666667,206,2011-12-10 18:30:00,3,4,4,11,344
13002,10,3,39.129999999999995,13.043333333333331,40,2011-12-10 18:30:00,5,2,2,9,522
13003,79,3,205.69,68.56333333333333,162,2011-12-10 18:30:00,2,2,3,7,223
13004,172,7,237.88,33.98285714285714,286,2011-12-10 18:30:00,2,4,4,10,244
13005,100,11,477.75,43.43181818181818,268,2011-12-10 18:30:00,2,5,4,11,254
13006,24,5,230.21,46.042,122,2011-12-10 18:30:00,4,3,4,11,434
13007,23,2,31.28,15.64,50,2011-12-10 18:30:00,4,2,2,8,422
13008,31,18,989.54,54.974444444444444,564,2011-12-10 18:30:00,4,5,5,14,455
13009,56,14,1610.56,115.03999999999999,416,2011-12-10 18:30:00,3,5,5,13,355
13010,13,5,304.68,60.936,185,2011-12-10 18:30:00,5,3,4,12,534
13011,26,2,34.02,17.01,67,2011-12-10 18:30:00,4,2,2,8,422
13012,3,2,40.19,20.095,33,2011-12-10 18:30:00,5,2,2,9,522
13013,18,3,16.38,5.46,40,2011-12-10 18:30:00,4,2,1,7,421
13014,97,8,516.17,64.52125,283,2011-12-10 18:30:00,2,4,4,10,244
13015,223,5,269.65,53.92999999999999,307,2011-12-10 18:30:00,1,3,4,8,134
13016,40,9,1130.88,125.65333333333335,248,2011-12-10 18:30:00,3,4,5,12,345
13017,52,6,218.35,36.391666666666666,216,2011-12-10 18:30:00,3,4,3,10,343
13019,240,1,5.38,5.38,240,2011-12-10 18:30:00,1,1,1,3,111
13020,62,8,145.36,18.17,282,2011-12-10 18:30:00,3,4,3,10,343
13021,88,9,339.05,37.672222222222224,424,2011-12-10 18:30:00,2,4,4,10,244
13022,22,2,12.620000000000001,6.3100000000000005,62,2011-12-10 18:30:00,4,2,1,7,421
13023,37,5,149.34,29.868000000000002,185,2011-12-10 18:30:00,3,3,3,9,333
13024,22,8,1389.07,173.63375,186,2011-12-10 18:30:00,4,4,5,13,445
13025,106,4,148.92000000000002,37.230000000000004,152,2011-12-10 18:30:00,2,3,3,8,233
13026,19,12,1487.29,123.94083333333333,393,2011-12-10 18:30:00,4,5,5,14,455
13027,46,5,141.19,28.238,84,2011-12-10 18:30:00,3,3,3,9,333
13028,1,15,3942.17,262.8113333333333,430,2011-12-10 18:30:00,5,5,5,15,555
13029,105,5,159.73,31.945999999999998,173,2011-12-10 18:30:00,2,3,3,8,233
13030,226,1,13.469999999999999,13.469999999999999,226,2011-12-10 18:30:00,1,1,1,3,111
13031,71,3,68.7,22.900000000000002,100,2011-12-10 18:30:00,3,2,3,8,323
13032,238,5,202.57,40.513999999999996,355,2011-12-10 18:30:00,1,3,3,7,133
13033,40,2,26.139999999999997,13.069999999999999,46,2011-12-10 18:30:00,3,2,2,7,322
13034,395,2,12.360000000000001,6.180000000000001,406,2011-12-10 18:30:00,1,2,1,4,121
13035,211,8,319.81,39.97625,385,2011-12-10 18:30:00,1,4,4,9,144
13036,49,8,313.98,39.2475,205,2011-12-10 18:30:00,3,4,4,11,344
13037,11,1,23.320000000000004,23.320000000000004,11,2011-12-10 18:30:00,5,1,2,8,512
13038,31,8,498.9,62.3625,159,2011-12-10 18:30:00,4,4,4,12,444
13039,59,11,968.17,88.01545454545455,411,2011-12-10 18:30:00,3,5,5,13,355
13040,8,1,3.3899999999999997,3.3899999999999997,8,2011-12-10 18:30:00,5,1,1,7,511
13041,116,2,93.78,46.89,156,2011-12-10 18:30:00,2,2,3,7,223
13042,47,1,12.690000000000001,12.690000000000001,47,2011-12-10 18:30:00,3,1,1,5,311
13043,126,8,332.01,41.50125,378,2011-12-10 18:30:00,2,4,4,10,244
13044,452,4,47.739999999999995,11.934999999999999,489,2011-12-10 18:30:00,1,3,2,6,132
13045,91,8,390.5,48.8125,308,2011-12-10 18:30:00,2,4,4,10,244
13046,89,4,179.28,44.82,166,2011-12-10 18:30:00,2,3,3,8,233
13047,81,9,633.59,70.39888888888889,369,2011-12-10 18:30:00,2,4,4,10,244
13048,21,8,601.89,75.23625,279,2011-12-10 18:30:00,4,4,4,12,444
13049,14,2,31.43,15.715,48,2011-12-10 18:30:00,5,2,2,9,522
13050,77,3,107.55,35.85,147,2011-12-10 18:30:00,3,2,3,8,323
13051,226,4,121.42,30.355,301,2011-12-10 18:30:00,1,3,3,7,133
13052,368,2,11.399999999999999,5.699999999999999,378,2011-12-10 18:30:00,1,2,1,4,121
13053,497,4,33.33,8.3325,537,2011-12-10 18:30:00,1,3,2,6,132
13054,197,5,161.67000000000002,32.334,326,2011-12-10 18:30:00,1,3,3,7,133
13055,138,7,134.67,19.238571428571426,263,2011-12-10 18:30:00,2,4,3,9,243
13056,36,2,16.27,8.135,72,2011-12-10 18:30:00,3,2,1,6,321
13057,198,3,42.32,14.106666666666667,236,2011-12-10 18:30:00,1,2,2,5,122
13058,194,2,26.869999999999997,13.434999999999999,223,2011-12-10 18:30:00,1,2,2,5,122
13060,20,4,49.0,12.25,84,2011-12-10 18:30:00,4,3,2,9,432
13061,52,7,1081.26,154.46571428571428,227,2011-12-10 18:30:00,3,4,5,12,345
13062,34,7,146.26,20.89428571428571,88,2011-12-10 18:30:00,4,4,3,11,443
13063,32,16,1750.26,109.39125,604,2011-12-10 18:30:00,4,5,5,14,455
13064,35,2,55.47,27.735,73,2011-12-10 18:30:00,3,2,2,7,322
13065,34,2,8.96,4.48,59,2011-12-10 18:30:00,4,2,1,7,421
13066,170,4,136.06,34.015,237,2011-12-10 18:30:00,2,3,3,8,233
13067,224,8,393.47,49.18375,394,2011-12-10 18:30:00,1,4,4,9,144
13068,5,29,9017.74,310.9565517241379,682,2011-12-10 18:30:00,5,5,5,15,555
13069,17,1,9.74,9.74,17,2011-12-10 18:30:00,4,1,1,6,411
13070,52,10,1339.57,133.957,404,2011-12-10 18:30:00,3,5,5,13,355
13071,14,30,7296.92,243.23066666666668,622,2011-12-10 18:30:00,5,5,5,15,555
13072,98,4,154.59,38.6475,191,2011-12-10 18:30:00,2,3,3,8,233
13073,3,15,1349.02,89.93466666666667,235,2011-12-10 18:30:00,5,5,5,15,555
13074,153,2,62.61,31.305,176,2011-12-10 18:30:00,2,2,2,6,222
13075,102,7,263.3,37.614285714285714,299,2011-12-10 18:30:00,2,4,4,10,244
13076,103,8,182.24,22.78,289,2011-12-10 18:30:00,2,4,3,9,243
13077,14,24,6265.41,261.05875,535,2011-12-10 18:30:00,5,5,5,15,555
13078,18,9,720.75,80.08333333333333,320,2011-12-10 18:30:00,4,4,4,12,444
13079,67,9,451.31,50.14555555555555,295,2011-12-10 18:30:00,3,4,4,11,344
13080,20,14,1942.17,138.72642857142858,579,2011-12-10 18:30:00,4,5,5,14,455
13081,484,3,77.82000000000001,25.94,534,2011-12-10 18:30:00,1,2,3,6,123
13082,119,5,278.05,55.61,248,2011-12-10 18:30:00,2,3,4,9,234
13083,49,4,226.4,56.6,141,2011-12-10 18:30:00,3,3,4,10,334
13084,39,4,289.71999999999997,72.42999999999999,132,2011-12-10 18:30:00,3,3,4,10,334
13085,240,7,181.18,25.882857142857144,400,2011-12-10 18:30:00,1,4,3,8,143
13086,24,22,4290.3,195.01363636363638,597,2011-12-10 18:30:00,4,5,5,14,455
13087,3,13,665.52,51.19384615384615,297,2011-12-10 18:30:00,5,5,4,14,554
13088,16,1,1.5699999999999998,1.5699999999999998,16,2011-12-10 18:30:00,5,1,1,7,511
13089,9,24,7937.349999999999,330.72291666666666,691,2011-12-10 18:30:00,5,5,5,15,555
13090,197,6,235.87,39.31166666666667,327,2011-12-10 18:30:00,1,4,4,9,144
13091,160,3,29.360000000000003,9.786666666666667,179,2011-12-10 18:30:00,2,2,2,6,222
13092,55,9,589.95,65.55000000000001,266,2011-12-10 18:30:00,3,4,4,11,344
13093,124,4,92.44,23.11,164,2011-12-10 18:30:00,2,3,3,8,233
13094,341,2,3.84,1.92,376,2011-12-10 18:30:00,1,2,1,4,121
13095,2,3,25.540000000000003,8.513333333333334,13,2011-12-10 18:30:00,5,2,2,9,522
13096,111,3,200.11,66.70333333333333,167,2011-12-10 18:30:00,2,2,3,7,223
13097,36,8,177.19,22.14875,186,2011-12-10 18:30:00,3,4,3,10,343
13098,19,9,554.68,61.6311111111111,175,2011-12-10 18:30:00,4,4,4,12,444
13099,171,9,121.25,13.472222222222221,321,2011-12-10 18:30:00,2,4,3,9,243
13100,98,3,55.48,18.493333333333332,162,2011-12-10 18:30:00,2,2,2,6,222
13101,92,7,398.16999999999996,56.881428571428565,273,2011-12-10 18:30:00,2,4,4,10,244
13102,68,7,256.56,36.651428571428575,321,2011-12-10 18:30:00,3,4,4,11,344
13103,9,2,15.74,7.87,26,2011-12-10 18:30:00,5,2,1,8,521
13104,19,20,5258.28,262.914,627,2011-12-10 18:30:00,4,5,5,14,455
13105,76,2,50.13,25.065,110,2011-12-10 18:30:00,3,2,2,7,322
13106,190,3,70.18,23.393333333333334,214,2011-12-10 18:30:00,1,2,3,6,123
13107,16,15,2171.97,144.79799999999997,386,2011-12-10 18:30:00,5,5,5,15,555
13108,17,16,6363.88,397.7425,619,2011-12-10 18:30:00,4,5,5,14,455
13109,23,14,1589.49,113.535,303,2011-12-10 18:30:00,4,5,5,14,455
13110,37,2,9.69,4.845,79,2011-12-10 18:30:00,3,2,1,6,321
13111,25,30,9255.4,308.5133333333333,697,2011-12-10 18:30:00,4,5,5,14,455
13112,19,15,2561.72,170.78133333333332,447,2011-12-10 18:30:00,4,5,5,14,455
13113,9,25,5229.400000000001,209.17600000000002,597,2011-12-10 18:30:00,5,5,5,15,555
13114,50,8,1063.44,132.93,160,2011-12-10 18:30:00,3,4,5,12,345
13115,499,2,12.6,6.3,534,2011-12-10 18:30:00,1,2,1,4,121
13116,77,7,416.92,59.56,252,2011-12-10 18:30:00,3,4,4,11,344
13117,68,2,47.160000000000004,23.580000000000002,104,2011-12-10 18:30:00,3,2,2,7,322
13118,90,2,109.52,54.76,114,2011-12-10 18:30:00,2,2,3,7,223
13119,33,2,22.9,11.45,48,2011-12-10 18:30:00,4,2,2,8,422
13120,20,29,10469.4,361.0137931034483,685,2011-12-10 18:30:00,4,5,5,14,455
13121,27,1,5.61,5.61,27,2011-12-10 18:30:00,4,1,1,6,411
13122,100,7,142.64000000000001,20.37714285714286,310,2011-12-10 18:30:00,2,4,3,9,243
13123,49,11,1324.59,120.41727272727272,231,2011-12-10 18:30:00,3,5,5,13,355
13124,317,1,12.16,12.16,317,2011-12-10 18:30:00,1,1,1,3,111
13125,8,1,28.38,28.38,8,2011-12-10 18:30:00,5,1,2,8,512
13126,54,5,246.93,49.386,150,2011-12-10 18:30:00,3,3,4,10,334
13127,20,1,11.25,11.25,20,2011-12-10 18:30:00,4,1,1,6,411
13128,120,3,60.34,20.113333333333333,192,2011-12-10 18:30:00,2,2,2,6,222
13129,110,5,56.43999999999999,11.287999999999998,170,2011-12-10 18:30:00,2,3,2,7,232
13130,1,1,12.940000000000001,12.940000000000001,1,2011-12-10 18:30:00,5,1,1,7,511
13131,4,4,303.2,75.8,136,2011-12-10 18:30:00,5,3,4,12,534
13132,141,2,47.43,23.715,160,2011-12-10 18:30:00,2,2,2,6,222
13133,16,9,682.4,75.82222222222222,196,2011-12-10 18:30:00,5,4,4,13,544
13134,111,1,2.2,2.2,111,2011-12-10 18:30:00,2,1,1,4,211
13135,126,4,201.54,50.385,234,2011-12-10 18:30:00,2,3,3,8,233
13136,45,6,215.57,35.928333333333335,113,2011-12-10 18:30:00,3,4,3,10,343
13137,98,2,52.82,26.41,116,2011-12-10 18:30:00,2,2,2,6,222
13138,106,8,489.38,61.1725,281,2011-12-10 18:30:00,2,4,4,10,244
13139,7,10,1576.2,157.62,394,2011-12-10 18:30:00,5,5,5,15,555
13140,24,19,6292.08,331.1621052631579,685,2011-12-10 18:30:00,4,5,5,14,455
13141,14,4,174.59,43.6475,71,2011-12-10 18:30:00,5,3,3,11,533
13142,10,26,6314.4,242.86153846153846,622,2011-12-10 18:30:00,5,5,5,15,555
13143,4,7,811.8199999999999,115.9742857142857,194,2011-12-10 18:30:00,5,4,4,13,544
13144,477,3,17.79,5.93,527,2011-12-10 18:30:00,1,2,1,4,121
13145,108,3,11.16,3.72,157,2011-12-10 18:30:00,2,2,1,5,221
13146,40,3,35.29,11.763333333333334,102,2011-12-10 18:30:00,3,2,2,7,322
13147,119,5,395.90999999999997,79.18199999999999,295,2011-12-10 18:30:00,2,3,4,9,234
13148,30,3,20.189999999999998,6.7299999999999995,51,2011-12-10 18:30:00,4,2,2,8,422
13149,113,3,54.16,18.05333333333333,158,2011-12-10 18:30:00,2,2,2,6,222
13150,14,8,898.48,112.31,137,2011-12-10 18:30:00,5,4,5,14,545
13151,56,19,1641.23,86.38052631578948,716,2011-12-10 18:30:00,3,5,5,13,355
13152,333,1,12.850000000000001,12.850000000000001,333,2011-12-10 18:30:00,1,1,1,3,111
13153,50,17,1599.31,94.07705882352941,622,2011-12-10 18:30:00,3,5,5,13,355
13154,30,8,148.03,18.50375,270,2011-12-10 18:30:00,4,4,3,11,443
13155,34,1,8.969999999999999,8.969999999999999,34,2011-12-10 18:30:00,4,1,1,6,411
13156,24,27,7175.6900000000005,265.76629629629633,714,2011-12-10 18:30:00,4,5,5,14,455
13157,2,27,10329.49,382.5737037037037,674,2011-12-10 18:30:00,5,5,5,15,555
13158,9,2,13.02,6.51,34,2011-12-10 18:30:00,5,2,1,8,521
13159,133,7,174.38,24.91142857142857,313,2011-12-10 18:30:00,2,4,3,9,243
13160,39,13,1603.82,123.37076923076923,402,2011-12-10 18:30:00,3,5,5,13,355
13161,12,1,16.86,16.86,12,2011-12-10 18:30:00,5,1,1,7,511
13162,9,1,4.4399999999999995,4.4399999999999995,9,2011-12-10 18:30:00,5,1,1,7,511
13163,142,7,172.21,24.601428571428574,347,2011-12-10 18:30:00,2,4,3,9,243
13164,107,1,7.48,7.48,107,2011-12-10 18:30:00,2,1,1,4,211
13165,48,10,577.94,57.794000000000004,258,2011-12-10 18:30:00,3,5,4,12,354
13166,23,14,5132.01,366.57214285714286,465,2011-12-10 18:30:00,4,5,5,14,455
13167,219,5,275.46999999999997,55.093999999999994,366,2011-12-10 18:30:00,1,3,4,8,134
13168,36,10,759.26,75.926,220,2011-12-10 18:30:00,3,5,4,12,354
13169,11,1,16.2,16.2,11,2011-12-10 18:30:00,5,1,1,7,511
13170,13,2,37.49,18.745,30,2011-12-10 18:30:00,5,2,2,9,522
13171,1,25,8628.87,345.1548,702,2011-12-10 18:30:00,5,5,5,15,555
13172,202,7,116.83,16.69,422,2011-12-10 18:30:00,1,4,3,8,143
13173,104,9,411.77,45.75222222222222,304,2011-12-10 18:30:00,2,4,4,10,244
13174,8,2,43.5,21.75,26,2011-12-10 18:30:00,5,2,2,9,522
13175,78,7,467.81000000000006,66.83000000000001,243,2011-12-10 18:30:00,2,4,4,10,244
13176,255,4,198.48,49.62,326,2011-12-10 18:30:00,1,3,3,7,133
13177,212,6,293.2,48.86666666666667,321,2011-12-10 18:30:00,1,4,4,9,144
13178,56,6,346.53,57.754999999999995,179,2011-12-10 18:30:00,3,4,4,11,344
13179,73,2,74.47999999999999,37.239999999999995,101,2011-12-10 18:30:00,3,2,3,8,323
13180,490,2,26.46,13.23,533,2011-12-10 18:30:00,1,2,2,5,122
13181,85,4,318.91,79.7275,167,2011-12-10 18:30:00,2,3,4,9,234
13182,19,2,45.68,22.84,39,2011-12-10 18:30:00,4,2,2,8,422
13183,38,1,5.449999999999999,5.449999999999999,38,2011-12-10 18:30:00,3,1,1,5,311
13184,32,7,180.35,25.764285714285712,142,2011-12-10 18:30:00,4,4,3,11,443
13185,256,4,139.08,34.77,358,2011-12-10 18:30:00,1,3,3,7,133
13186,15,22,6020.49,273.65863636363633,686,2011-12-10 18:30:00,5,5,5,15,555
13187,287,3,56.53,18.843333333333334,324,2011-12-10 18:30:00,1,2,2,5,122
13188,177,2,26.949999999999996,13.474999999999998,202,2011-12-10 18:30:00,2,2,2,6,222
13189,214,8,217.27,27.15875,286,2011-12-10 18:30:00,1,4,3,8,143
13190,30,9,1042.37,115.81888888888888,240,2011-12-10 18:30:00,4,4,5,13,445
13191,23,2,23.56,11.78,50,2011-12-10 18:30:00,4,2,2,8,422
13192,71,5,220.97,44.194,208,2011-12-10 18:30:00,3,3,4,10,334
13193,467,3,51.66,17.22,515,2011-12-10 18:30:00,1,3,2,6,132
13194,33,7,1030.8400000000001,147.26285714285717,203,2011-12-10 18:30:00,4,4,5,13,445
13195,28,3,18.44,6.146666666666667,59,2011-12-10 18:30:00,4,3,1,8,431
13196,29,14,1348.06,96.28999999999999,413,2011-12-10 18:30:00,4,5,5,14,455
13197,55,11,1852.83,168.4390909090909,365,2011-12-10 18:30:00,3,5,5,13,355
13199,35,1,10.969999999999999,10.969999999999999,35,2011-12-10 18:30:00,3,1,1,5,311
13200,82,7,599.35,85.62142857142858,262,2011-12-10 18:30:00,2,4,4,10,244
13201,107,2,127.22,63.61,135,2011-12-10 18:30:00,2,2,3,7,223
13202,230,3,57.019999999999996,19.006666666666664,278,2011-12-10 18:30:00,1,3,2,6,132
13203,36,1,28.229999999999997,28.229999999999997,36,2011-12-10 18:30:00,3,1,2,6,312
13204,3,7,284.24,40.605714285714285,138,2011-12-10 18:30:00,5,4,4,13,544
13205,113,7,297.07,42.43857142857143,273,2011-12-10 18:30:00,2,4,4,10,244
13206,60,1,13.98,13.98,60,2011-12-10 18:30:00,3,1,1,5,311
13207,312,1,3.75,3.75,312,2011-12-10 18:30:00,1,1,1,3,111
13208,267,1,45.739999999999995,45.739999999999995,267,2011-12-10 18:30:00,1,1,2,4,112
13209,60,6,179.2,29.866666666666664,280,2011-12-10 18:30:00,3,4,3,10,343
13210,16,17,1505.3,88.54705882352941,445,2011-12-10 18:30:00,5,5,5,15,555
13211,18,1,7.23,7.23,18,2011-12-10 18:30:00,4,1,1,6,411
13212,16,1,0.44,0.44,16,2011-12-10 18:30:00,5,1,1,7,511
13213,493,1,14.14,14.14,493,2011-12-10 18:30:00,1,1,1,3,111
13214,1,9,855.77,95.08555555555556,216,2011-12-10 18:30:00,5,4,5,14,545
13215,119,3,113.96,37.986666666666665,191,2011-12-10 18:30:00,2,3,3,8,233
13216,493,3,44.67,14.89,511,2011-12-10 18:30:00,1,3,2,6,132
13217,12,25,6839.3,273.572,712,2011-12-10 18:30:00,5,5,5,15,555
13218,30,2,17.46,8.73,70,2011-12-10 18:30:00,4,2,1,7,421
13219,7,9,640.34,71.14888888888889,303,2011-12-10 18:30:00,5,4,4,13,544
13220,493,1,22.959999999999997,22.959999999999997,493,2011-12-10 18:30:00,1,1,2,4,112
13221,32,1,14.280000000000001,14.280000000000001,32,2011-12-10 18:30:00,4,1,1,6,411
13222,67,5,428.03,85.606,234,2011-12-10 18:30:00,3,3,4,10,334
13223,49,10,323.61,32.361000000000004,229,2011-12-10 18:30:00,3,5,4,12,354
13224,151,4,156.32,39.08,197,2011-12-10 18:30:00,2,3,3,8,233
13225,230,4,97.39,24.3475,318,2011-12-10 18:30:00,1,3,3,7,133
13226,115,3,39.9,13.299999999999999,158,2011-12-10 18:30:00,2,3,2,7,232
13227,135,2,72.31,36.155,171,2011-12-10 18:30:00,2,2,3,7,223
13228,24,1,2.56,2.56,24,2011-12-10 18:30:00,4,1,1,6,411
13229,80,6,66.19,11.031666666666666,197,2011-12-10 18:30:00,2,4,2,8,242
13230,17,14,2154.83,153.91642857142855,563,2011-12-10 18:30:00,4,5,5,14,455
13231,92,3,117.18,39.06,177,2011-12-10 18:30:00,2,3,3,8,233
13232,107,7,176.94,25.277142857142856,251,2011-12-10 18:30:00,2,4,3,9,243
13233,27,10,893.66,89.366,237,2011-12-10 18:30:00,4,5,5,14,455
13234,60,17,1338.09,78.71117647058823,567,2011-12-10 18:30:00,3,5,5,13,355
13235,72,2,9.01,4.505,72,2011-12-10 18:30:00,3,2,1,6,321
13236,58,7,231.32,33.04571428571428,298,2011-12-10 18:30:00,3,4,4,11,344
13237,8,2,19.68,9.84,27,2011-12-10 18:30:00,5,2,2,9,522
13238,34,9,607.0500000000001,67.45,275,2011-12-10 18:30:00,4,4,4,12,444
13239,9,15,1448.96,96.59733333333334,309,2011-12-10 18:30:00,5,5,5,15,555
13240,239,3,94.32000000000001,31.44,317,2011-12-10 18:30:00,1,3,3,7,133
13241,11,1,11.899999999999999,11.899999999999999,11,2011-12-10 18:30:00,5,1,1,7,511
13242,113,9,226.03,25.114444444444445,364,2011-12-10 18:30:00,2,4,4,10,244
13243,45,6,305.99,50.998333333333335,168,2011-12-10 18:30:00,3,4,4,11,344
13244,5,16,1222.69,76.418125,401,2011-12-10 18:30:00,5,5,5,15,555
13245,244,4,123.12,30.78,324,2011-12-10 18:30:00,1,3,3,7,133
13246,209,6,196.58,32.763333333333335,338,2011-12-10 18:30:00,1,4,3,8,143
13247,63,9,137.7,15.299999999999999,308,2011-12-10 18:30:00,3,4,3,10,343
13248,20,18,4843.35,269.07500000000005,384,2011-12-10 18:30:00,4,5,5,14,455
13249,169,3,34.22,11.406666666666666,208,2011-12-10 18:30:00,2,3,2,7,232
13250,9,1,5.84,5.84,9,2011-12-10 18:30:00,5,1,1,7,511
13251,141,1,14.950000000000001,14.950000000000001,141,2011-12-10 18:30:00,2,1,1,4,211
13252,65,2,86.6,43.3,89,2011-12-10 18:30:00,3,2,3,8,323
13253,47,19,1489.5800000000002,78.39894736842106,593,2011-12-10 18:30:00,3,5,5,13,355
13254,2,4,67.69,16.9225,41,2011-12-10 18:30:00,5,3,2,10,532
13255,35,8,379.47,47.43375,195,2011-12-10 18:30:00,3,4,4,11,344
13256,75,3,39.84,13.280000000000001,159,2011-12-10 18:30:00,3,3,2,8,332
13257,14,1,1.64,1.64,14,2011-12-10 18:30:00,5,1,1,7,511
13258,34,2,11.51,5.755,78,2011-12-10 18:30:00,4,2,1,7,421
13259,11,2,18.75,9.375,30,2011-12-10 18:30:00,5,2,1,8,521
13260,10,1,7.64,7.64,10,2011-12-10 18:30:00,5,1,1,7,511
13261,12,2,19.24,9.62,44,2011-12-10 18:30:00,5,2,1,8,521
13262,26,11,421.03000000000003,38.27545454545455,260,2011-12-10 18:30:00,4,5,4,13,454
13263,23,15,1307.99,87.19933333333333,311,2011-12-10 18:30:00,4,5,5,14,455
13264,51,9,338.2,37.577777777777776,236,2011-12-10 18:30:00,3,4,4,11,344
13265,213,8,283.85,35.48125,345,2011-12-10 18:30:00,1,4,4,9,144
13266,49,12,1719.19,143.26583333333335,312,2011-12-10 18:30:00,3,5,5,13,355
13267,29,2,22.57,11.285,67,2011-12-10 18:30:00,4,2,2,8,422
13268,49,5,131.3,26.26,166,2011-12-10 18:30:00,3,3,3,9,333
13269,12,6,144.18,24.03,104,2011-12-10 18:30:00,5,4,3,12,543
13270,30,12,1557.99,129.8325,393,2011-12-10 18:30:00,4,5,5,14,455
13271,106,8,598.27,74.78375,364,2011-12-10 18:30:00,2,4,4,10,244
13272,9,15,1792.24,119.48266666666667,438,2011-12-10 18:30:00,5,5,5,15,555
13273,13,1,15.12,15.12,13,2011-12-10 18:30:00,5,1,1,7,511
13274,204,3,81.79,27.263333333333335,236,2011-12-10 18:30:00,1,3,3,7,133
13275,126,2,28.47,14.235,162,2011-12-10 18:30:00,2,2,2,6,222
13276,98,4,292.98,73.245,171,2011-12-10 18:30:00,2,3,4,9,234
13277,70,6,353.6,58.93333333333334,260,2011-12-10 18:30:00,3,4,4,11,344
13278,201,2,34.08,17.04,211,2011-12-10 18:30:00,1,2,2,5,122
13279,466,2,82.69000000000001,41.345000000000006,497,2011-12-10 18:30:00,1,2,3,6,123
13280,338,3,56.31999999999999,18.77333333333333,375,2011-12-10 18:30:00,1,3,2,6,132
13281,2,11,605.29,55.026363636363634,275,2011-12-10 18:30:00,5,5,4,14,554
13282,15,1,10.72,10.72,15,2011-12-10 18:30:00,5,1,1,7,511
13283,53,7,1610.59,230.0842857142857,221,2011-12-10 18:30:00,3,4,5,12,345
13284,13,4,24.88,6.22,53,2011-12-10 18:30:00,5,3,2,10,532
13285,25,10,1383.18,138.318,337,2011-12-10 18:30:00,4,5,5,14,455
13286,87,5,390.25,78.05,243,2011-12-10 18:30:00,2,3,4,9,234
13287,28,1,6.949999999999999,6.949999999999999,28,2011-12-10 18:30:00,4,1,1,6,411
13288,57,10,1874.3300000000002,187.43300000000002,352,2011-12-10 18:30:00,3,5,5,13,355
13289,191,5,209.34,41.868,284,2011-12-10 18:30:00,1,3,3,7,133
13290,235,4,171.38,42.845,289,2011-12-10 18:30:00,1,3,3,7,133
13291,3,9,303.46,33.717777777777776,177,2011-12-10 18:30:00,5,4,4,13,544
13292,252,3,66.56,22.186666666666667,302,2011-12-10 18:30:00,1,3,2,6,132
13293,7,1,3.81,3.81,7,2011-12-10 18:30:00,5,1,1,7,511
13294,2,1,12.84,12.84,2,2011-12-10 18:30:00,5,1,1,7,511
13295,76,3,140.4,46.800000000000004,106,2011-12-10 18:30:00,3,3,3,9,333
13296,149,6,146.81,24.468333333333334,221,2011-12-10 18:30:00,2,4,3,9,243
13297,51,9,454.67,50.51888888888889,273,2011-12-10 18:30:00,3,4,4,11,344
13298,104,4,424.81,106.2025,162,2011-12-10 18:30:00,2,3,4,9,234
13299,37,12,1001.13,83.4275,488,2011-12-10 18:30:00,3,5,5,13,355
13300,3,2,18.48,9.24,37,2011-12-10 18:30:00,5,2,1,8,521
13301,36,1,3.6100000000000003,3.6100000000000003,36,2011-12-10 18:30:00,3,1,1,5,311
13302,452,1,2.75,2.75,452,2011-12-10 18:30:00,1,1,1,3,111
13303,25,4,96.48,24.12,151,2011-12-10 18:30:00,4,3,3,10,433
13304,140,5,140.89,28.177999999999997,304,2011-12-10 18:30:00,2,3,3,8,233
13305,148,4,152.01000000000002,38.002500000000005,196,2011-12-10 18:30:00,2,3,3,8,233
13306,160,2,151.49,75.745,180,2011-12-10 18:30:00,2,2,3,7,223
13307,150,5,267.37,53.474000000000004,254,2011-12-10 18:30:00,2,3,4,9,234
13308,3,21,1695.6100000000001,80.74333333333334,494,2011-12-10 18:30:00,5,5,5,15,555
13309,18,8,1205.28,150.66,270,2011-12-10 18:30:00,4,4,5,13,445
13310,37,1,6.430000000000001,6.430000000000001,37,2011-12-10 18:30:00,3,1,1,5,311
13311,174,4,109.42,27.355,244,2011-12-10 18:30:00,2,3,3,8,233
13312,33,1,1.59,1.59,33,2011-12-10 18:30:00,4,1,1,6,411
13313,11,17,2395.23,140.8958823529412,526,2011-12-10 18:30:00,5,5,5,15,555
13314,102,4,172.21,43.0525,160,2011-12-10 18:30:00,2,3,3,8,233
13315,61,9,742.3199999999999,82.47999999999999,317,2011-12-10 18:30:00,3,4,4,11,344
13316,119,9,549.16,61.01777777777777,329,2011-12-10 18:30:00,2,4,4,10,244
13317,6,27,6600.93,244.4788888888889,671,2011-12-10 18:30:00,5,5,5,15,555
13318,58,9,739.27,82.14111111111112,178,2011-12-10 18:30:00,3,4,4,11,344
13319,18,2,21.35,10.675,53,2011-12-10 18:30:00,4,2,2,8,422
13320,1,9,341.49,37.943333333333335,183,2011-12-10 18:30:00,5,4,4,13,544
13321,189,3,164.04999999999998,54.68333333333333,199,2011-12-10 18:30:00,1,3,3,7,133
13322,103,6,257.82,42.97,199,2011-12-10 18:30:00,2,4,4,10,244
13323,17,5,136.82999999999998,27.365999999999996,116,2011-12-10 18:30:00,4,3,3,10,433
13324,10,7,544.33,77.76142857142858,178,2011-12-10 18:30:00,5,4,4,13,544
13325,19,17,1552.86,91.34470588235294,470,2011-12-10 18:30:00,4,5,5,14,455
13326,19,3,5.92,1.9733333333333334,28,2011-12-10 18:30:00,4,3,1,8,431
13327,357,1,11.04,11.04,357,2011-12-10 18:30:00,1,1,1,3,111
13328,170,1,6.5,6.5,170,2011-12-10 18:30:00,2,1,1,4,211
13329,253,7,238.78,34.11142857142857,487,2011-12-10 18:30:00,1,4,4,9,144
13330,19,11,1539.2,139.92727272727274,175,2011-12-10 18:30:00,4,5,5,14,455
13331,15,1,4.07,4.07,15,2011-12-10 18:30:00,5,1,1,7,511
13332,111,5,313.78999999999996,62.757999999999996,225,2011-12-10 18:30:00,2,3,4,9,234
13333,14,25,8845.71,353.8284,716,2011-12-10 18:30:00,5,5,5,15,555
13334,21,4,291.02,72.755,93,2011-12-10 18:30:00,4,3,4,11,434
13335,306,2,21.76,10.88,317,2011-12-10 18:30:00,1,2,2,5,122
13336,359,3,104.12,34.70666666666667,439,2011-12-10 18:30:00,1,3,3,7,133
13337,377,2,57.67,28.835,408,2011-12-10 18:30:00,1,2,2,5,122
13338,411,3,66.63,22.209999999999997,463,2011-12-10 18:30:00,1,3,2,6,132
13339,79,8,362.88,45.36,387,2011-12-10 18:30:00,2,4,4,10,244
13340,35,2,23.32,11.66,62,2011-12-10 18:30:00,3,2,2,7,322
13341,104,3,78.45,26.150000000000002,173,2011-12-10 18:30:00,2,3,3,8,233
13342,360,3,26.35,8.783333333333333,419,2011-12-10 18:30:00,1,3,2,6,132
13343,11,26,13055.89,502.14961538461534,715,2011-12-10 18:30:00,5,5,5,15,555
13344,30,2,43.5,21.75,62,2011-12-10 18:30:00,4,2,2,8,422
13345,82,10,397.05,39.705,246,2011-12-10 18:30:00,2,5,4,11,254
13346,32,12,1172.76,97.73,374,2011-12-10 18:30:00,4,5,5,14,455
13348,36,14,1309.29,93.52071428571428,552,2011-12-10 18:30:00,3,5,5,13,355
13349,16,15,886.96,59.13066666666667,360,2011-12-10 18:30:00,5,5,5,15,555
13350,206,1,47.13,47.13,206,2011-12-10 18:30:00,1,1,2,4,112
13351,60,5,167.88,33.576,144,2011-12-10 18:30:00,3,3,3,9,333
13352,27,2,4.26,2.13,62,2011-12-10 18:30:00,4,2,1,7,421
13353,9,9,348.99,38.77666666666667,296,2011-12-10 18:30:00,5,4,4,13,544
13354,490,3,120.74,40.24666666666666,526,2011-12-10 18:30:00,1,3,3,7,133
13355,227,6,194.26,32.376666666666665,347,2011-12-10 18:30:00,1,4,3,8,143
13356,369,4,69.16,17.29,415,2011-12-10 18:30:00,1,3,3,7,133
13357,15,4,80.35,20.0875,111,2011-12-10 18:30:00,5,3,3,11,533
13358,91,4,69.34,17.335,115,2011-12-10 18:30:00,2,3,3,8,233
13359,32,1,7.73,7.73,32,2011-12-10 18:30:00,4,1,1,6,411
13360,106,4,329.68,82.42,178,2011-12-10 18:30:00,2,3,4,9,234
13361,32,12,1069.6000000000001,89.13333333333334,304,2011-12-10 18:30:00,4,5,5,14,455
13362,427,3,49.519999999999996,16.506666666666664,461,2011-12-10 18:30:00,1,3,2,6,132
13363,23,2,25.52,12.76,37,2011-12-10 18:30:00,4,2,2,8,422
13364,1,29,8901.28,306.94068965517243,696,2011-12-10 18:30:00,5,5,5,15,555
13365,51,2,119.96000000000001,59.980000000000004,84,2011-12-10 18:30:00,3,2,3,8,323
13366,10,2,34.74,17.37,30,2011-12-10 18:30:00,5,2,2,9,522
13367,54,3,98.6,32.86666666666667,78,2011-12-10 18:30:00,3,3,3,9,333
13368,34,2,11.469999999999999,5.734999999999999,34,2011-12-10 18:30:00,4,2,1,7,421
13369,233,7,292.81,41.83,365,2011-12-10 18:30:00,1,4,4,9,144
13370,1,2,38.04,19.02,24,2011-12-10 18:30:00,5,2,2,9,522
13371,104,3,122.63,40.876666666666665,144,2011-12-10 18:30:00,2,3,3,8,233
13372,12,2,13.95,6.975,37,2011-12-10 18:30:00,5,2,1,8,521
13373,112,7,284.6,40.65714285714286,296,2011-12-10 18:30:00,2,4,4,10,244
13374,21,1,5.74,5.74,21,2011-12-10 18:30:00,4,1,1,6,411
13375,130,3,127.10000000000001,42.36666666666667,204,2011-12-10 18:30:00,2,3,3,8,233
13376,165,2,55.22,27.61,191,2011-12-10 18:30:00,2,2,2,6,222
13377,359,3,120.78999999999999,40.26333333333333,433,2011-12-10 18:30:00,1,3,3,7,133
13378,171,3,57.339999999999996,19.113333333333333,187,2011-12-10 18:30:00,2,3,2,7,232
13379,16,1,10.95,10.95,16,2011-12-10 18:30:00,5,1,1,7,511
13380,240,3,87.82,29.27333333333333,274,2011-12-10 18:30:00,1,3,3,7,133
13381,20,3,61.08,20.36,58,2011-12-10 18:30:00,4,3,2,9,432
13382,93,4,168.57,42.1425,115,2011-12-10 18:30:00,2,3,3,8,233
13383,62,3,48.83,16.276666666666667,130,2011-12-10 18:30:00,3,3,2,8,332
13384,56,6,251.48,41.913333333333334,216,2011-12-10 18:30:00,3,4,4,11,344
13385,13,9,1045.23,116.13666666666667,182,2011-12-10 18:30:00,5,4,5,14,545
13386,37,15,2041.63,136.10866666666666,521,2011-12-10 18:30:00,3,5,5,13,355
13387,412,3,7.01,2.3366666666666664,469,2011-12-10 18:30:00,1,3,1,5,131
13389,74,1,54.9,54.9,74,2011-12-10 18:30:00,3,1,2,6,312
13390,21,20,5723.94,286.197,636,2011-12-10 18:30:00,4,5,5,14,455
13391,78,6,375.16,62.52666666666667,293,2011-12-10 18:30:00,2,4,4,10,244
13392,40,12,1156.92,96.41000000000001,320,2011-12-10 18:30:00,3,5,5,13,355
13393,53,4,88.22,22.055,88,2011-12-10 18:30:00,3,3,3,9,333
13394,23,2,24.62,12.31,38,2011-12-10 18:30:00,4,2,2,8,422
13395,38,5,374.21,74.842,185,2011-12-10 18:30:00,3,3,4,10,334
13396,400,3,55.93,18.643333333333334,442,2011-12-10 18:30:00,1,3,2,6,132
13397,32,13,1861.21,143.17000000000002,494,2011-12-10 18:30:00,4,5,5,14,455
13398,95,6,127.35,21.224999999999998,174,2011-12-10 18:30:00,2,4,3,9,243
13399,49,16,2009.43,125.589375,680,2011-12-10 18:30:00,3,5,5,13,355
13400,32,8,575.16,71.895,260,2011-12-10 18:30:00,4,4,4,12,444
13401,380,1,33.78,33.78,380,2011-12-10 18:30:00,1,1,2,4,112
13402,38,1,5.96,5.96,38,2011-12-10 18:30:00,3,1,1,5,311
13403,62,9,347.14,38.57111111111111,254,2011-12-10 18:30:00,3,4,4,11,344
13404,222,5,176.74,35.348,314,2011-12-10 18:30:00,1,3,3,7,133
13405,284,3,40.65,13.549999999999999,372,2011-12-10 18:30:00,1,3,2,6,132
13406,1,2,13.93,6.965,13,2011-12-10 18:30:00,5,2,1,8,521
13407,226,8,153.68,19.21,421,2011-12-10 18:30:00,1,4,3,8,143
13408,37,6,285.52,47.586666666666666,166,2011-12-10 18:30:00,3,4,4,11,344
13409,488,2,9.86,4.93,507,2011-12-10 18:30:00,1,2,1,4,121
13410,42,8,327.44,40.93,198,2011-12-10 18:30:00,3,4,4,11,344
13411,38,2,21.1,10.55,82,2011-12-10 18:30:00,3,2,2,7,322
13412,56,10,282.19,28.219,343,2011-12-10 18:30:00,3,5,4,12,354
13413,228,1,11.900000000000002,11.900000000000002,228,2011-12-10 18:30:00,1,1,1,3,111
13414,9,22,7134.99,324.31772727272727,689,2011-12-10 18:30:00,5,5,5,15,555
13415,200,2,65.00999999999999,32.504999999999995,228,2011-12-10 18:30:00,1,2,2,5,122
13416,34,1,10.059999999999999,10.059999999999999,34,2011-12-10 18:30:00,4,1,1,6,411
13417,251,7,237.20000000000002,33.885714285714286,359,2011-12-10 18:30:00,1,4,4,9,144
13418,67,3,105.72,35.24,147,2011-12-10 18:30:00,3,3,3,9,333
13419,9,1,5.96,5.96,9,2011-12-10 18:30:00,5,1,1,7,511
13420,5,2,21.42,10.71,35,2011-12-10 18:30:00,5,2,2,9,522
13421,86,8,519.54,64.9425,286,2011-12-10 18:30:00,2,4,4,10,244
13422,92,3,33.6,11.200000000000001,101,2011-12-10 18:30:00,2,3,2,7,232
13423,138,3,75.68,25.22666666666667,221,2011-12-10 18:30:00,2,3,3,8,233
13424,127,3,47.16,15.719999999999999,174,2011-12-10 18:30:00,2,3,2,7,232
13425,29,8,744.74,93.0925,210,2011-12-10 18:30:00,4,4,4,12,444
13426,67,5,256.91,51.382000000000005,223,2011-12-10 18:30:00,3,3,4,10,334
13427,3,2,23.6,11.8,35,2011-12-10 18:30:00,5,2,2,9,522
13428,4,2,5.73,2.865,27,2011-12-10 18:30:00,5,2,1,8,521
13429,9,2,22.09,11.045,37,2011-12-10 18:30:00,5,2,2,9,522
13430,21,2,34.879999999999995,17.439999999999998,35,2011-12-10 18:30:00,4,2,2,8,422
13431,274,3,51.050000000000004,17.01666666666667,316,2011-12-10 18:30:00,1,3,2,6,132
13432,258,1,1.76,1.76,258,2011-12-10 18:30:00,1,1,1,3,111
13433,325,2,34.370000000000005,17.185000000000002,367,2011-12-10 18:30:00,1,2,2,5,122
13434,90,7,164.14,23.448571428571427,210,2011-12-10 18:30:00,2,4,3,9,243
13435,216,6,206.7,34.449999999999996,286,2011-12-10 18:30:00,1,4,3,8,143
13436,12,5,209.1,41.82,156,2011-12-10 18:30:00,5,3,3,11,533
13437,188,1,19.48,19.48,188,2011-12-10 18:30:00,1,1,1,3,111
13438,81,3,103.33000000000001,34.443333333333335,123,2011-12-10 18:30:00,2,3,3,8,233
13439,39,9,640.87,71.20777777777778,220,2011-12-10 18:30:00,3,4,4,11,344
13440,181,5,41.15,8.23,214,2011-12-10 18:30:00,2,3,2,7,232
13441,7,4,159.84,39.96,67,2011-12-10 18:30:00,5,3,3,11,533
13442,120,5,239.5,47.9,272,2011-12-10 18:30:00,2,3,4,9,234
13443,195,2,43.36,21.68,208,2011-12-10 18:30:00,1,2,2,5,122
13444,31,3,17.83,5.9433333333333325,68,2011-12-10 18:30:00,4,3,1,8,431
13445,32,12,1215.97,101.33083333333333,472,2011-12-10 18:30:00,4,5,5,14,455
13446,18,32,7769.4,242.79375,681,2011-12-10 18:30:00,4,5,5,14,455
13447,90,9,347.7,38.63333333333333,342,2011-12-10 18:30:00,2,4,4,10,244
13448,398,3,47.36,15.786666666666667,419,2011-12-10 18:30:00,1,3,2,6,132
13449,1,1,5.4,5.4,1,2011-12-10 18:30:00,5,1,1,7,511
13450,14,12,1561.67,130.13916666666668,254,2011-12-10 18:30:00,5,5,5,15,555
13451,414,2,6.31,3.155,455,2011-12-10 18:30:00,1,2,1,4,121
13452,23,12,1197.94,99.82833333333333,453,2011-12-10 18:30:00,4,5,5,14,455
13453,47,10,593.32,59.33200000000001,252,2011-12-10 18:30:00,3,5,4,12,354
13454,30,2,21.19,10.595,60,2011-12-10 18:30:00,4,2,2,8,422
13455,19,15,1624.3799999999999,108.29199999999999,272,2011-12-10 18:30:00,4,5,5,14,455
13456,19,8,950.93,118.86625,204,2011-12-10 18:30:00,4,4,5,13,445
13457,83,4,229.43,57.3575,163,2011-12-10 18:30:00,2,3,4,9,234
13458,154,8,234.54,29.3175,266,2011-12-10 18:30:00,2,4,4,10,244
13459,10,2,15.190000000000001,7.595000000000001,23,2011-12-10 18:30:00,5,2,1,8,521
13460,3,2,27.619999999999997,13.809999999999999,27,2011-12-10 18:30:00,5,2,2,9,522
13461,27,17,1843.6000000000001,108.44705882352942,555,2011-12-10 18:30:00,4,5,5,14,455
13462,36,13,1448.1,111.39230769230768,388,2011-12-10 18:30:00,3,5,5,13,355
13463,322,1,4.99,4.99,322,2011-12-10 18:30:00,1,1,1,3,111
13464,119,9,534.47,59.385555555555555,304,2011-12-10 18:30:00,2,4,4,10,244
13465,34,1,21.0,21.0,34,2011-12-10 18:30:00,4,1,2,7,412
13466,72,4,17.450000000000003,4.362500000000001,158,2011-12-10 18:30:00,3,3,1,7,331
13467,31,15,1671.12,111.40799999999999,421,2011-12-10 18:30:00,4,5,5,14,455
13468,35,1,17.02,17.02,35,2011-12-10 18:30:00,3,1,1,5,311
13469,51,8,455.41,56.92625,268,2011-12-10 18:30:00,3,4,4,11,344
13470,203,9,248.03,27.558888888888887,341,2011-12-10 18:30:00,1,4,4,9,144
13471,60,2,37.62,18.81,78,2011-12-10 18:30:00,3,2,2,7,322
13472,92,3,104.47,34.82333333333333,126,2011-12-10 18:30:00,2,3,3,8,233
13475,22,1,10.05,10.05,22,2011-12-10 18:30:00,4,1,1,6,411
13476,15,1,2.43,2.43,15,2011-12-10 18:30:00,5,1,1,7,511
13477,82,4,134.88,33.72,183,2011-12-10 18:30:00,2,3,3,8,233
13478,47,11,969.6800000000001,88.15272727272728,303,2011-12-10 18:30:00,3,5,5,13,355
13479,274,3,27.93,9.31,342,2011-12-10 18:30:00,1,3,2,6,132
13480,27,2,9.62,4.81,68,2011-12-10 18:30:00,4,2,1,7,421
13481,5,8,330.61,41.32625,105,2011-12-10 18:30:00,5,4,4,13,544
13482,129,5,204.31,40.862,228,2011-12-10 18:30:00,2,3,3,8,233
13483,111,5,94.65,18.93,240,2011-12-10 18:30:00,2,3,3,8,233
13484,3,27,7685.86,284.6614814814815,700,2011-12-10 18:30:00,5,5,5,15,555
13485,259,1,21.13,21.13,259,2011-12-10 18:30:00,1,1,2,4,112
13486,89,6,332.37,55.395,290,2011-12-10 18:30:00,2,4,4,10,244
13487,73,1,3.98,3.98,73,2011-12-10 18:30:00,3,1,1,5,311
13489,30,2,22.189999999999998,11.094999999999999,74,2011-12-10 18:30:00,4,2,2,8,422
13490,112,6,154.01,25.668333333333333,204,2011-12-10 18:30:00,2,4,3,9,243
13491,71,7,483.62,69.08857142857143,265,2011-12-10 18:30:00,3,4,4,11,344
13492,29,4,30.24,7.56,75,2011-12-10 18:30:00,4,3,2,9,432
13493,218,1,11.69,11.69,218,2011-12-10 18:30:00,1,1,1,3,111
13494,95,2,49.98,24.99,111,2011-12-10 18:30:00,2,2,2,6,222
13495,66,1,4.89,4.89,66,2011-12-10 18:30:00,3,1,1,5,311
13496,4,16,1306.96,81.685,425,2011-12-10 18:30:00,5,5,5,15,555
13497,23,4,7.859999999999999,1.9649999999999999,66,2011-12-10 18:30:00,4,3,1,8,431
13498,41,16,2258.71,141.169375,531,2011-12-10 18:30:00,3,5,5,13,355
13499,28,12,1264.39,105.36583333333334,468,2011-12-10 18:30:00,4,5,5,14,455
13500,167,2,32.69,16.345,172,2011-12-10 18:30:00,2,2,2,6,222
13501,8,17,1749.4,102.90588235294118,388,2011-12-10 18:30:00,5,5,5,15,555
13502,19,14,4663.2300000000005,333.08785714285716,305,2011-12-10 18:30:00,4,5,5,14,455
13503,23,30,8779.21,292.64033333333333,716,2011-12-10 18:30:00,4,5,5,14,455
13504,33,2,61.6,30.8,44,2011-12-10 18:30:00,4,2,2,8,422
13505,44,3,14.81,4.9366666666666665,123,2011-12-10 18:30:00,3,3,1,7,331
13506,21,15,5105.5,340.3666666666667,321,2011-12-10 18:30:00,4,5,5,14,455
13507,406,3,32.83,10.943333333333333,448,2011-12-10 18:30:00,1,3,2,6,132
13508,19,2,14.73,7.365,34,2011-12-10 18:30:00,4,2,1,7,421
13509,47,15,1239.32,82.62133333333333,479,2011-12-10 18:30:00,3,5,5,13,355
13510,33,15,2372.0699999999997,158.13799999999998,463,2011-12-10 18:30:00,4,5,5,14,455
13511,36,2,53.629999999999995,26.814999999999998,53,2011-12-10 18:30:00,3,2,2,7,322
13512,39,2,15.5,7.75,47,2011-12-10 18:30:00,3,2,1,6,321
13513,7,6,126.7,21.116666666666667,192,2011-12-10 18:30:00,5,4,3,12,543
13514,296,1,7.15,7.15,296,2011-12-10 18:30:00,1,1,1,3,111
13515,58,9,1455.7,161.74444444444444,366,2011-12-10 18:30:00,3,4,5,12,345
13516,42,4,415.96000000000004,103.99000000000001,100,2011-12-10 18:30:00,3,3,4,10,334
13517,102,2,27.259999999999998,13.629999999999999,136,2011-12-10 18:30:00,2,2,2,6,222
13518,23,5,187.73000000000002,37.54600000000001,143,2011-12-10 18:30:00,4,3,3,10,433
13519,1,3,38.93,12.976666666666667,26,2011-12-10 18:30:00,5,3,2,10,532
13520,140,5,183.2,36.64,260,2011-12-10 18:30:00,2,3,3,8,233
13521,173,3,22.87,7.623333333333334,222,2011-12-10 18:30:00,2,3,2,7,232
13522,143,6,235.05,39.175000000000004,363,2011-12-10 18:30:00,2,4,4,10,244
13523,57,3,110.67,36.89,126,2011-12-10 18:30:00,3,3,3,9,333
13524,1,9,509.25,56.583333333333336,247,2011-12-10 18:30:00,5,4,4,13,544
13525,15,10,725.76,72.576,279,2011-12-10 18:30:00,5,5,4,14,554
13526,52,2,31.88,15.94,59,2011-12-10 18:30:00,3,2,2,7,322
13527,1,10,1762.07,176.207,316,2011-12-10 18:30:00,5,5,5,15,555
13528,25,11,1362.4099999999999,123.85545454545453,415,2011-12-10 18:30:00,4,5,5,14,455
13529,50,7,754.86,107.83714285714287,289,2011-12-10 18:30:00,3,4,4,11,344
13530,33,12,1356.62,113.05166666666666,473,2011-12-10 18:30:00,4,5,5,14,455
13531,40,2,5.16,2.58,48,2011-12-10 18:30:00,3,2,1,6,321
13532,106,7,481.01,68.71571428571428,370,2011-12-10 18:30:00,2,4,4,10,244
13533,26,3,11.83,3.9433333333333334,40,2011-12-10 18:30:00,4,3,1,8,431
13534,50,13,1708.95,131.4576923076923,346,2011-12-10 18:30:00,3,5,5,13,355
13535,403,2,15.11,7.555,428,2011-12-10 18:30:00,1,2,1,4,121
13536,156,6,98.57000000000001,16.428333333333335,264,2011-12-10 18:30:00,2,4,3,9,243
13537,4,8,346.84000000000003,43.355000000000004,148,2011-12-10 18:30:00,5,4,4,13,544
13538,16,1,7.34,7.34,16,2011-12-10 18:30:00,5,1,1,7,511
13539,22,3,1.9600000000000004,0.6533333333333334,48,2011-12-10 18:30:00,4,3,1,8,431
13540,28,1,8.08,8.08,28,2011-12-10 18:30:00,4,1,1,6,411
13541,7,12,922.81,76.90083333333332,231,2011-12-10 18:30:00,5,5,5,15,555
13542,76,4,162.72,40.68,199,2011-12-10 18:30:00,3,3,3,9,333
13543,151,2,7.33,3.665,190,2011-12-10 18:30:00,2,2,1,5,221
13544,96,8,485.08,60.635,236,2011-12-10 18:30:00,2,4,4,10,244
13545,300,2,62.84,31.42,310,2011-12-10 18:30:00,1,2,2,5,122
