name,year,selling_price,km_driven,fuel,seller_type,transmission,owner,mileage,engine,max_power,torque,seats
Hyundai i20 2023,2023,732765.0,46048,Diesel,Dealer,Manual,Second,11.3,1207,104.85,21Nm,7
Hyundai Creta 2015,2015,697480.0,76237,Electric,Dealer,Manual,Second,13.31,2464,126.6,71Nm,7
Maruti Baleno 2023,2023,150000.0,65392,CNG,Individual,Automatic,Second,11.45,1438,160.17,58Nm,5
Ford EcoSport 2023,2023,812486.0,70217,Electric,Dealer,Manual,Fourth,19.28,1159,162.02,56Nm,7
Tata Nexon 2012,2012,150000.0,96673,Diesel,Dealer,Automatic,First,19.54,1474,97.43,43Nm,4
Honda City 2022,2022,372799.0,44993,Petrol,Dealer,Manual,Second,23.88,1332,139.46,34Nm,5
Honda City 2015,2015,150000.0,117715,Petrol,Dealer,Automatic,Fourth,18.51,1546,143.33,33Nm,4
Kia Sonet 2022,2022,669675.0,70142,Diesel,Dealer,Automatic,Second,21.21,1503,105.7,57Nm,7
Renault Triber 2015,2015,684542.0,28131,Electric,Dealer,Automatic,First,21.88,1094,104.88,24Nm,4
Renault Triber 2021,2021,877844.5,71348,Electric,Dealer,Automatic,First,18.05,2391,84.69,61Nm,7
Honda City 2016,2016,416433.0,66985,Diesel,Dealer,Automatic,First,21.43,2476,116.0,26Nm,7
Ford Endeavour 2020,2020,403624.0,89818,Diesel,Dealer,Manual,Third,23.78,1328,127.86,51Nm,7
Maruti Swift 2017,2017,150000.0,119008,CNG,Individual,Manual,First,17.29,1491,59.0,68Nm,7
Volkswagen Vento 2014,2014,150000.0,96474,LPG,Dealer,Manual,Third,23.93,2078,148.18,64Nm,7
Tata Harrier 2018,2018,150000.0,98039,CNG,Individual,Automatic,Fourth,10.32,1245,122.01,57Nm,4
Tata Nexon 2013,2013,150000.0,102778,Petrol,Dealer,Manual,First,14.18,1062,113.1,54Nm,5
Mahindra Bolero 2015,2015,150000.0,112841,LPG,Dealer,Automatic,Second,16.35,1191,110.71,66Nm,4
Maruti Swift 2012,2012,150000.0,62772,CNG,Dealer,Manual,Second,16.33,1390,86.21,35Nm,4
Hyundai Venue 2020,2020,372257.0,22833,Petrol,Dealer,Manual,First,13.21,1482,102.14,23Nm,4
Mahindra Bolero 2012,2012,150000.0,61173,CNG,Dealer,Automatic,Third,18.34,1864,143.39,29Nm,7
Tata Harrier 2015,2015,724478.0,17665,Electric,Dealer,Manual,Third,23.79,1115,119.05,23Nm,4
Volkswagen Vento 2014,2014,746692.0,18981,Electric,Dealer,Manual,Second,18.92,1824,130.52,46Nm,4
Skoda Kushaq 2020,2020,150000.0,51467,CNG,Individual,Manual,Third,19.68,1486,109.44,79Nm,5
Hyundai i20 2019,2019,661167.5,91416,Electric,Dealer,Manual,First,24.0,2099,164.51,76Nm,4
Tata Harrier 2016,2016,150000.0,30676,LPG,Dealer,Automatic,First,11.55,2365,164.16,36Nm,7
Hyundai i20 2023,2023,590277.0,82512,Diesel,Dealer,Automatic,Third,20.31,2236,160.88,52Nm,4
Kia Sonet 2012,2012,150000.0,22097,LPG,Individual,Automatic,First,24.7,1005,71.01,48Nm,5
Volkswagen Taigun 2018,2018,150000.0,83519,Petrol,Individual,Manual,First,15.54,2413,121.83,47Nm,4
Mahindra Scorpio 2016,2016,228502.0,57795,Petrol,Individual,Automatic,Second,21.7,2394,164.94,46Nm,4
Skoda Kushaq 2014,2014,263769.0,41029,Diesel,Dealer,Manual,Fourth,21.74,1048,103.52,62Nm,4
Tata Harrier 2014,2014,150000.0,113202,Petrol,Dealer,Automatic,First,16.9,1961,89.67,70Nm,4
Tata Safari 2012,2012,150000.0,96511,Diesel,Dealer,Automatic,Third,19.62,1568,101.96,73Nm,4
Volkswagen Polo 2012,2012,150000.0,25118,CNG,Dealer,Manual,Third,20.93,1076,90.78,58Nm,4
Volkswagen Vento 2018,2018,285519.0,85574,Diesel,Dealer,Automatic,First,22.1,2449,139.29,80Nm,5
Tata Harrier 2018,2018,214767.0,19171,CNG,Dealer,Automatic,First,16.13,2472,102.31,38Nm,5
Volkswagen Vento 2015,2015,150000.0,65108,LPG,Dealer,Manual,Third,13.15,1829,152.15,58Nm,7
Honda Amaze 2019,2019,425292.0,67954,Diesel,Dealer,Automatic,Second,19.49,2347,93.57,72Nm,4
Tata Harrier 2015,2015,150000.0,115717,Diesel,Dealer,Manual,First,21.53,1092,109.2,76Nm,4
Skoda Rapid 2023,2023,150000.0,101272,LPG,Dealer,Automatic,Fourth,23.39,1497,161.86,76Nm,4
Hyundai Venue 2015,2015,739118.5,33053,Electric,Dealer,Automatic,First,22.02,2139,136.79,55Nm,4
Skoda Octavia 2019,2019,766726.5,90301,Electric,Dealer,Automatic,Fourth,21.28,1323,159.18,37Nm,7
Volkswagen Polo 2022,2022,231078.0,41358,CNG,Dealer,Automatic,First,14.8,2459,120.22,28Nm,5
Mahindra XUV300 2018,2018,203826.0,100957,Diesel,Dealer,Manual,First,16.24,1847,76.89,46Nm,5
Renault Duster 2023,2023,1057539.0,12560,Electric,Dealer,Automatic,Fourth,22.8,1010,173.95,46Nm,5
Volkswagen Taigun 2023,2023,786450.5,81582,Electric,Dealer,Manual,Fourth,15.83,1447,136.95,71Nm,5
Renault Duster 2014,2014,179837.0,71261,Diesel,Individual,Manual,Fourth,19.64,2210,67.64,49Nm,7
Mahindra Scorpio 2016,2016,150000.0,59689,CNG,Dealer,Manual,Fourth,14.17,1667,173.66,46Nm,5
Ford EcoSport 2019,2019,862679.5,12540,Electric,Dealer,Manual,Third,19.78,1457,148.05,80Nm,7
Tata Safari 2012,2012,150000.0,91439,Diesel,Dealer,Manual,Second,13.27,1967,140.93,69Nm,7
Honda City 2021,2021,150000.0,89593,Petrol,Dealer,Manual,Third,18.64,1219,168.04,44Nm,7
Renault Duster 2015,2015,824842.5,19961,Electric,Dealer,Manual,First,11.82,2425,177.9,70Nm,5
Maruti Brezza 2020,2020,150000.0,66148,CNG,Individual,Manual,Third,24.41,1023,132.63,73Nm,5
Kia Seltos 2018,2018,991165.0,33086,Electric,Dealer,Automatic,Fourth,14.83,1950,81.91,79Nm,5
Hyundai Verna 2019,2019,150000.0,41963,LPG,Individual,Automatic,Third,13.18,1056,153.72,41Nm,5
Ford Endeavour 2023,2023,977919.0,46211,Electric,Dealer,Manual,Second,18.33,1173,81.24,50Nm,4
Kia Sonet 2012,2012,150000.0,22196,CNG,Dealer,Manual,Fourth,15.54,2414,121.95,42Nm,4
Renault Duster 2020,2020,150000.0,53357,CNG,Individual,Automatic,Third,12.89,1625,65.54,54Nm,5
Mahindra XUV300 2015,2015,150000.0,106810,LPG,Dealer,Automatic,Third,12.69,1203,51.84,54Nm,4
Mahindra Thar 2012,2012,703688.0,17146,Electric,Dealer,Automatic,Second,18.61,2304,111.02,48Nm,5
Honda City 2012,2012,150000.0,43092,LPG,Dealer,Manual,First,20.3,1818,69.72,71Nm,5
Skoda Octavia 2013,2013,150000.0,42530,Petrol,Dealer,Automatic,Second,14.46,2068,126.51,47Nm,5
Ford Endeavour 2021,2021,926866.5,17894,Electric,Dealer,Manual,Second,12.36,2279,72.6,24Nm,4
Mahindra Scorpio 2018,2018,691332.0,69048,Electric,Dealer,Automatic,Third,20.54,1064,109.02,63Nm,4
Tata Harrier 2022,2022,548121.0,87304,Diesel,Individual,Automatic,First,13.98,2113,68.49,23Nm,4
Mahindra Thar 2021,2021,764054.0,108167,Electric,Dealer,Automatic,Fourth,16.04,1252,85.39,54Nm,5
Kia Sonet 2013,2013,150000.0,88385,Petrol,Individual,Automatic,Third,24.43,2234,158.67,56Nm,5
Skoda Rapid 2022,2022,150000.0,117665,CNG,Dealer,Manual,Second,14.17,1961,179.6,47Nm,7
Kia Seltos 2019,2019,150000.0,55607,LPG,Dealer,Automatic,Third,20.41,2370,87.47,80Nm,4
Renault Duster 2012,2012,150000.0,69614,Petrol,Dealer,Automatic,Third,17.72,1660,178.46,62Nm,4
Volkswagen Polo 2018,2018,673394.0,17104,Diesel,Individual,Automatic,Fourth,14.01,2278,67.03,38Nm,5
Kia Sonet 2013,2013,686057.0,13783,Electric,Dealer,Manual,Second,11.4,1634,178.99,78Nm,7
Hyundai Venue 2013,2013,150000.0,94896,Diesel,Dealer,Automatic,Third,17.24,2040,111.39,49Nm,7
Volkswagen Vento 2018,2018,831461.5,34983,Electric,Dealer,Manual,First,17.62,1563,156.67,38Nm,5
Ford Endeavour 2021,2021,150000.0,96499,LPG,Dealer,Manual,Fourth,21.44,2101,99.04,79Nm,5
Honda City 2023,2023,1068975.5,41300,Electric,Dealer,Automatic,Second,20.58,1839,155.48,44Nm,4
Mahindra Bolero 2012,2012,756403.5,26547,Electric,Dealer,Automatic,First,10.23,1899,68.74,75Nm,4
Mahindra Scorpio 2019,2019,150000.0,112436,CNG,Dealer,Automatic,Fourth,22.89,2328,99.4,40Nm,4
Kia Seltos 2021,2021,648534.0,18968,Diesel,Dealer,Automatic,Second,20.56,1183,63.07,30Nm,5
Ford EcoSport 2012,2012,150000.0,52516,Petrol,Dealer,Automatic,Third,16.18,1765,138.63,31Nm,5
Mahindra XUV300 2013,2013,150000.0,89887,LPG,Dealer,Manual,Fourth,13.81,2192,83.19,20Nm,4
Kia Sonet 2022,2022,415989.0,81643,Diesel,Dealer,Manual,Fourth,16.36,1705,82.51,74Nm,7
Ford EcoSport 2018,2018,150000.0,73335,Petrol,Dealer,Manual,Fourth,20.49,2169,52.85,73Nm,5
Renault Triber 2012,2012,150000.0,84177,Petrol,Dealer,Automatic,Third,12.85,1469,82.58,68Nm,7
Mahindra Scorpio 2022,2022,231778.0,94717,Petrol,Dealer,Automatic,Fourth,11.35,1066,88.36,67Nm,7
Renault Kwid 2015,2015,760880.0,27322,Electric,Dealer,Automatic,Third,14.43,1334,163.15,71Nm,5
Hyundai Venue 2013,2013,221052.0,28449,Diesel,Dealer,Automatic,Third,11.85,1182,97.92,67Nm,5
Ford Endeavour 2018,2018,150000.0,117795,CNG,Dealer,Manual,Second,18.42,1963,168.98,34Nm,4
Hyundai Venue 2023,2023,150000.0,49608,LPG,Dealer,Manual,Second,11.74,1090,80.52,54Nm,4
Mahindra Bolero 2019,2019,866968.5,58629,Electric,Dealer,Automatic,Second,19.23,1847,172.08,37Nm,7
Maruti Brezza 2015,2015,150000.0,68115,LPG,Dealer,Manual,Third,24.67,1201,96.63,45Nm,7
Ford EcoSport 2013,2013,150000.0,118028,LPG,Dealer,Manual,Second,10.76,2312,93.36,28Nm,7
Skoda Rapid 2013,2013,382373.5,118765,Electric,Individual,Manual,Second,23.51,1475,50.37,74Nm,5
Mahindra XUV300 2020,2020,479175.0,42853,Diesel,Dealer,Manual,First,13.57,1267,92.09,31Nm,4
Ford EcoSport 2014,2014,150000.0,107218,LPG,Dealer,Manual,First,18.9,1973,108.76,34Nm,5
Skoda Rapid 2023,2023,663546.5,112659,Electric,Dealer,Automatic,Fourth,22.71,2315,105.42,26Nm,4
Kia Sonet 2013,2013,150000.0,20589,CNG,Dealer,Manual,First,18.23,1256,92.27,58Nm,5
Volkswagen Polo 2019,2019,888714.5,76263,Electric,Dealer,Automatic,First,21.53,2435,143.71,33Nm,4
Renault Triber 2015,2015,150000.0,64239,CNG,Dealer,Automatic,Fourth,14.69,1849,83.14,29Nm,7
Kia Seltos 2013,2013,150000.0,119022,Petrol,Dealer,Manual,Fourth,11.95,1195,57.8,55Nm,7
Volkswagen Polo 2022,2022,150000.0,26021,LPG,Dealer,Automatic,Fourth,15.27,2474,125.13,33Nm,4
Mahindra Bolero 2015,2015,150000.0,24184,CNG,Dealer,Automatic,First,22.68,1568,176.69,72Nm,7
Skoda Kushaq 2022,2022,642680.0,94239,Electric,Dealer,Manual,Third,14.63,1057,94.18,20Nm,4
Mahindra XUV300 2021,2021,150000.0,96159,LPG,Dealer,Manual,Second,13.23,2294,104.58,41Nm,4
Mahindra Thar 2016,2016,150000.0,104581,CNG,Dealer,Manual,First,20.11,1316,85.37,62Nm,4
Renault Triber 2021,2021,150000.0,67939,LPG,Dealer,Automatic,Second,14.25,2047,138.2,51Nm,4
Volkswagen Taigun 2016,2016,499607.0,15952,Diesel,Dealer,Automatic,First,21.51,1013,149.34,38Nm,4
Honda City 2012,2012,150000.0,75193,LPG,Dealer,Manual,Second,18.38,1776,136.85,42Nm,7
Hyundai Venue 2023,2023,223855.0,15544,LPG,Dealer,Manual,Fourth,16.07,1157,133.22,38Nm,5
Hyundai Venue 2012,2012,150000.0,52568,Diesel,Dealer,Automatic,Third,18.83,1178,118.12,45Nm,5
Ford Endeavour 2017,2017,150000.0,39041,CNG,Dealer,Manual,First,12.91,2043,150.91,42Nm,7
Mahindra XUV300 2013,2013,150000.0,29194,CNG,Dealer,Manual,Second,11.13,2231,173.67,60Nm,4
Kia Sonet 2021,2021,693845.0,109598,Electric,Dealer,Automatic,Third,17.03,2282,132.08,70Nm,5
Ford Endeavour 2012,2012,350989.5,56129,Electric,Individual,Manual,Third,22.48,1943,59.98,75Nm,5
Hyundai Venue 2019,2019,619049.0,86064,Electric,Dealer,Manual,Fourth,17.13,2168,69.61,23Nm,7
Kia Seltos 2017,2017,150000.0,103626,Petrol,Dealer,Manual,First,17.86,1505,129.27,43Nm,7
Honda Amaze 2018,2018,150000.0,63578,CNG,Dealer,Manual,Third,15.8,1132,82.76,74Nm,5
Skoda Rapid 2017,2017,959946.5,20682,Electric,Dealer,Manual,Third,11.93,1633,142.15,25Nm,7
Ford Endeavour 2018,2018,150000.0,94343,CNG,Dealer,Manual,First,10.27,2321,90.15,80Nm,7
Tata Harrier 2019,2019,561336.0,35166,Diesel,Individual,Manual,Second,21.56,1156,158.57,76Nm,5
Volkswagen Vento 2022,2022,752519.5,54140,Electric,Dealer,Manual,Fourth,21.57,1313,155.18,30Nm,4
Kia Seltos 2018,2018,454667.0,57749,Diesel,Dealer,Automatic,Third,24.48,1917,151.97,77Nm,4
Tata Harrier 2022,2022,150000.0,84766,LPG,Dealer,Automatic,Third,12.43,1780,75.96,58Nm,7
Mahindra Thar 2012,2012,150000.0,94040,LPG,Dealer,Automatic,First,21.45,2454,85.46,77Nm,7
Volkswagen Vento 2018,2018,468276.0,22021,Diesel,Dealer,Automatic,Third,15.61,1052,100.2,25Nm,5
Honda City 2012,2012,150000.0,51770,Petrol,Dealer,Automatic,Second,17.09,1279,158.04,68Nm,4
Kia Sonet 2021,2021,467088.0,10688,Petrol,Dealer,Manual,Third,19.13,1439,105.02,69Nm,4
Ford EcoSport 2016,2016,208599.0,25970,Petrol,Individual,Manual,Fourth,22.55,2306,114.98,54Nm,7
Maruti Baleno 2023,2023,284987.0,28818,CNG,Dealer,Automatic,First,12.81,2257,136.87,53Nm,5
Honda City 2020,2020,717085.0,81313,Electric,Dealer,Manual,Fourth,15.6,1960,147.15,42Nm,4
Hyundai Verna 2015,2015,150000.0,106068,Petrol,Dealer,Automatic,Second,19.64,1088,157.95,63Nm,5
Kia Sonet 2022,2022,511281.0,33891,Diesel,Individual,Manual,Fourth,12.99,1073,55.45,79Nm,5
Ford Endeavour 2018,2018,533092.0,116876,Electric,Dealer,Automatic,Third,22.93,1072,56.21,61Nm,7
Honda Amaze 2013,2013,150000.0,114771,CNG,Dealer,Automatic,Fourth,17.44,1898,114.68,79Nm,5
Volkswagen Polo 2013,2013,150000.0,105300,LPG,Dealer,Manual,Fourth,11.54,2231,92.63,38Nm,4
Ford Freestyle 2021,2021,150000.0,104065,LPG,Dealer,Manual,Fourth,23.67,1717,129.93,47Nm,5
Ford Endeavour 2012,2012,150000.0,19835,LPG,Dealer,Automatic,Second,16.57,1061,66.41,35Nm,4
Honda Amaze 2018,2018,150000.0,84349,Petrol,Dealer,Manual,Fourth,18.61,1757,118.83,45Nm,5
Honda Civic 2016,2016,211078.0,42717,Petrol,Dealer,Manual,Second,11.77,2020,150.75,65Nm,7
Kia Seltos 2021,2021,150000.0,47431,LPG,Individual,Manual,First,20.7,1275,179.64,71Nm,4
Honda Civic 2017,2017,150000.0,103000,Petrol,Dealer,Automatic,Third,19.57,1320,153.18,52Nm,7
Tata Nexon 2015,2015,150000.0,113817,Diesel,Dealer,Manual,Fourth,17.01,1051,177.79,28Nm,5
Skoda Rapid 2013,2013,150000.0,50539,LPG,Individual,Automatic,Fourth,14.76,1836,59.64,49Nm,7
Volkswagen Polo 2014,2014,312596.0,118665,Electric,Dealer,Manual,Second,17.77,1884,89.54,30Nm,7
Honda Civic 2015,2015,790171.5,55353,Electric,Dealer,Automatic,First,14.12,1511,131.25,59Nm,4
Volkswagen Vento 2020,2020,458765.0,94015,Diesel,Dealer,Manual,Second,15.06,2347,170.11,22Nm,7
Maruti Swift 2012,2012,474721.5,94076,Electric,Dealer,Automatic,Second,17.47,2169,131.53,38Nm,5
Ford Freestyle 2015,2015,150000.0,115472,LPG,Individual,Automatic,Fourth,16.23,1147,110.38,41Nm,7
Skoda Rapid 2017,2017,150000.0,104157,CNG,Dealer,Automatic,Fourth,14.79,1265,110.64,37Nm,5
Kia Seltos 2014,2014,155776.0,22689,Petrol,Dealer,Automatic,Fourth,23.53,2258,155.75,79Nm,5
Skoda Kushaq 2017,2017,486190.0,34881,Diesel,Individual,Automatic,Fourth,24.18,2019,115.71,35Nm,5
Tata Harrier 2012,2012,150000.0,16624,CNG,Dealer,Automatic,Fourth,16.46,1583,164.72,66Nm,7
Honda Amaze 2017,2017,150000.0,15930,LPG,Individual,Manual,Second,17.56,1740,149.37,37Nm,7
Skoda Kushaq 2021,2021,602480.0,25572,Diesel,Dealer,Manual,Fourth,21.32,1762,75.88,52Nm,5
Renault Duster 2012,2012,150000.0,15938,Petrol,Individual,Manual,Third,23.4,1968,68.17,79Nm,7
Skoda Octavia 2014,2014,750199.0,61505,Electric,Dealer,Automatic,Third,18.44,2036,111.74,21Nm,7
Honda Amaze 2022,2022,245133.0,24366,LPG,Dealer,Automatic,First,21.74,2220,150.9,56Nm,5
Tata Nexon 2021,2021,386760.0,72973,Diesel,Dealer,Automatic,Second,20.51,2392,74.8,48Nm,4
Honda Amaze 2014,2014,300142.0,64127,Diesel,Individual,Automatic,Fourth,13.11,2487,92.26,62Nm,4
Kia Sonet 2017,2017,150000.0,32699,LPG,Dealer,Automatic,Third,20.4,2382,129.31,32Nm,7
Tata Harrier 2020,2020,591194.0,49124,Diesel,Dealer,Automatic,Third,14.76,2441,95.34,79Nm,4
Ford Freestyle 2013,2013,374856.0,85166,Electric,Individual,Automatic,Fourth,24.33,1704,60.27,79Nm,4
Kia Sonet 2023,2023,526603.0,72793,Diesel,Individual,Manual,Third,19.24,2149,126.29,35Nm,7
Maruti Baleno 2022,2022,368615.0,40518,Petrol,Individual,Manual,Fourth,21.56,1674,50.67,55Nm,7
Mahindra Bolero 2022,2022,150000.0,72350,LPG,Individual,Manual,Third,21.53,1655,134.8,34Nm,5
Volkswagen Taigun 2023,2023,914407.0,14888,Diesel,Dealer,Automatic,Second,24.05,1072,175.08,79Nm,5
Ford EcoSport 2012,2012,525526.0,49110,Electric,Dealer,Manual,Third,17.41,1580,172.01,74Nm,5
Volkswagen Polo 2016,2016,341231.0,35272,Petrol,Dealer,Automatic,Second,12.79,2495,145.76,70Nm,5
Ford Endeavour 2022,2022,272976.0,109258,Diesel,Individual,Manual,Fourth,20.04,1873,74.02,28Nm,7
Kia Sonet 2015,2015,150000.0,10895,CNG,Dealer,Automatic,Second,20.84,1912,51.49,61Nm,5
Honda Civic 2015,2015,335407.0,18142,Petrol,Dealer,Automatic,Third,23.43,1325,141.46,39Nm,5
Hyundai Verna 2017,2017,177385.0,90560,Diesel,Dealer,Manual,Second,19.09,1977,104.06,55Nm,4
Kia Seltos 2015,2015,475214.5,99173,Electric,Individual,Manual,Fourth,18.46,2079,58.03,55Nm,7
Volkswagen Vento 2021,2021,306071.0,80341,Diesel,Dealer,Manual,Third,20.75,2063,113.55,77Nm,5
Volkswagen Polo 2012,2012,150000.0,69432,Diesel,Dealer,Automatic,Fourth,22.1,2152,144.03,45Nm,4
Ford EcoSport 2023,2023,1082473.5,38560,Electric,Individual,Manual,First,24.91,1865,171.5,24Nm,5
Kia Seltos 2016,2016,233009.0,63591,Diesel,Dealer,Manual,Fourth,23.6,1764,98.83,63Nm,5
Volkswagen Vento 2022,2022,350500.0,55582,Petrol,Dealer,Manual,Fourth,22.52,2081,148.3,39Nm,4
Kia Sonet 2020,2020,333579.0,59712,Diesel,Individual,Manual,Fourth,23.13,1706,149.51,22Nm,4
Renault Duster 2012,2012,158047.0,41544,Diesel,Dealer,Manual,First,20.55,2214,56.33,67Nm,4
Maruti Dzire 2019,2019,839198.0,40715,Electric,Dealer,Manual,First,23.75,1284,124.89,56Nm,7
Skoda Kushaq 2017,2017,150000.0,41051,CNG,Individual,Manual,Second,24.23,1844,164.36,78Nm,5
Mahindra Bolero 2020,2020,289485.0,74962,Petrol,Dealer,Automatic,Fourth,12.24,2072,98.94,68Nm,5
Volkswagen Polo 2015,2015,150000.0,39536,CNG,Dealer,Manual,Fourth,18.36,1116,67.43,35Nm,7
Ford EcoSport 2017,2017,150000.0,94765,Petrol,Dealer,Automatic,Third,10.77,1187,99.03,58Nm,7
Skoda Rapid 2013,2013,538642.5,34662,Electric,Dealer,Manual,Fourth,10.23,1425,171.83,67Nm,5
Hyundai Venue 2015,2015,411461.0,101177,Electric,Dealer,Manual,Fourth,15.71,1488,119.37,42Nm,7
Ford Freestyle 2017,2017,150000.0,77215,LPG,Dealer,Automatic,First,23.71,2477,98.19,46Nm,5
Maruti Baleno 2023,2023,384976.0,29126,Petrol,Dealer,Automatic,Fourth,15.7,1602,158.34,51Nm,4
Volkswagen Taigun 2022,2022,198272.0,54245,CNG,Dealer,Automatic,Fourth,12.54,1941,143.64,51Nm,4
Mahindra Scorpio 2020,2020,483652.0,14433,Petrol,Dealer,Manual,First,20.61,1842,51.19,52Nm,4
Kia Sonet 2012,2012,410596.0,90980,Electric,Dealer,Automatic,Fourth,10.18,1030,118.82,37Nm,4
Volkswagen Polo 2012,2012,150000.0,75826,LPG,Dealer,Manual,First,19.3,1195,82.81,42Nm,7
Ford Freestyle 2013,2013,150000.0,58896,LPG,Dealer,Automatic,Second,22.72,2425,134.99,74Nm,4
Maruti Swift 2018,2018,150000.0,59710,LPG,Individual,Automatic,First,17.5,2302,106.41,70Nm,4
Honda Civic 2013,2013,150000.0,79226,Petrol,Dealer,Manual,Second,23.86,2415,138.98,37Nm,7
Volkswagen Taigun 2022,2022,795166.0,14312,Diesel,Dealer,Automatic,First,20.69,1422,101.78,24Nm,7
Ford EcoSport 2021,2021,960091.0,41519,Electric,Dealer,Automatic,Third,20.34,1784,60.2,67Nm,7
Honda City 2013,2013,236011.0,67290,Diesel,Dealer,Manual,Third,21.6,2237,53.85,37Nm,7
Kia Sonet 2015,2015,785324.0,56636,Electric,Dealer,Automatic,Fourth,11.29,1378,130.42,71Nm,7
Tata Nexon 2013,2013,275723.0,45123,Diesel,Individual,Automatic,Second,10.08,1795,90.07,43Nm,5
Ford EcoSport 2014,2014,449629.0,21442,Diesel,Dealer,Automatic,Fourth,10.39,2138,96.01,25Nm,7
Skoda Kushaq 2017,2017,202841.0,60493,Petrol,Dealer,Automatic,Fourth,23.58,1792,177.16,56Nm,4
Volkswagen Vento 2022,2022,514049.0,59903,Diesel,Individual,Manual,Third,12.51,1614,85.88,39Nm,5
Kia Seltos 2017,2017,394737.0,42990,Diesel,Dealer,Automatic,Second,24.23,1935,93.19,59Nm,4
Renault Triber 2019,2019,150000.0,53874,LPG,Dealer,Manual,Third,14.71,1654,175.39,40Nm,7
Ford Endeavour 2023,2023,150000.0,92955,LPG,Dealer,Manual,Third,11.71,1768,123.3,57Nm,5
Volkswagen Vento 2022,2022,631046.0,110613,Electric,Dealer,Manual,Fourth,22.47,2448,58.99,74Nm,4
Renault Duster 2019,2019,150000.0,28242,CNG,Dealer,Manual,Third,15.65,2346,108.38,58Nm,4
Kia Sonet 2020,2020,150000.0,76402,LPG,Dealer,Manual,Third,11.27,2434,149.96,62Nm,7
Honda City 2022,2022,150000.0,90304,Petrol,Individual,Automatic,Third,13.33,1879,147.09,55Nm,4
Skoda Kushaq 2021,2021,177258.0,38971,LPG,Dealer,Automatic,Fourth,12.26,1946,179.7,50Nm,7
Hyundai Verna 2018,2018,290250.0,21253,Petrol,Dealer,Manual,Third,17.82,1636,95.28,26Nm,5
Kia Sonet 2017,2017,150000.0,18804,CNG,Individual,Manual,First,22.0,1044,170.89,67Nm,5
Tata Safari 2020,2020,178643.0,30989,CNG,Individual,Automatic,Fourth,19.61,1472,106.18,21Nm,5
Skoda Rapid 2019,2019,150000.0,87621,LPG,Dealer,Automatic,First,20.56,2441,153.48,56Nm,4
Hyundai Creta 2017,2017,523987.0,52727,Diesel,Dealer,Automatic,First,19.59,1535,127.61,59Nm,7
Renault Duster 2013,2013,150000.0,55603,CNG,Dealer,Automatic,Second,19.22,2377,61.02,28Nm,7
Honda City 2015,2015,150000.0,50026,Petrol,Dealer,Manual,Third,18.95,2418,124.72,47Nm,4
Mahindra Bolero 2022,2022,292998.0,80435,Diesel,Dealer,Manual,Fourth,16.77,1589,56.97,42Nm,4
Maruti Dzire 2014,2014,150000.0,35575,LPG,Dealer,Automatic,Fourth,16.66,2400,71.74,56Nm,5
Maruti Baleno 2016,2016,150000.0,14285,CNG,Dealer,Manual,Third,21.49,1342,121.46,27Nm,5
Skoda Rapid 2016,2016,632618.0,111595,Electric,Dealer,Automatic,First,16.38,2470,145.68,61Nm,5
Tata Harrier 2012,2012,150000.0,68947,CNG,Dealer,Automatic,First,13.15,1897,145.89,64Nm,4
Honda Civic 2021,2021,150000.0,92938,LPG,Dealer,Manual,Second,17.98,1421,127.59,30Nm,4
Honda Civic 2016,2016,733786.5,47923,Electric,Dealer,Automatic,First,23.01,1275,66.5,75Nm,5
Mahindra XUV300 2014,2014,150000.0,103243,CNG,Dealer,Manual,Fourth,19.42,2000,98.77,24Nm,4
Hyundai Venue 2020,2020,150000.0,108278,CNG,Individual,Automatic,Fourth,21.61,1997,145.25,66Nm,5
Kia Sonet 2013,2013,424524.5,114291,Electric,Dealer,Automatic,Second,22.43,1877,93.91,56Nm,4
Mahindra Bolero 2017,2017,150000.0,99463,Petrol,Individual,Manual,First,22.86,2280,107.37,20Nm,5
Renault Kwid 2023,2023,216725.0,27290,CNG,Dealer,Manual,Third,15.58,1189,167.49,30Nm,7
Maruti Dzire 2022,2022,514404.0,50043,Diesel,Dealer,Automatic,First,11.17,2439,127.18,53Nm,4
Kia Seltos 2012,2012,150000.0,101173,CNG,Individual,Manual,Fourth,15.75,2419,145.0,26Nm,4
Hyundai Verna 2017,2017,443864.0,49223,Diesel,Individual,Automatic,Second,18.45,2311,129.34,30Nm,7
Kia Sonet 2023,2023,577012.0,37925,Diesel,Individual,Automatic,Fourth,11.85,1442,144.9,42Nm,4
Renault Triber 2014,2014,150000.0,42477,CNG,Dealer,Manual,Second,14.27,2131,172.37,21Nm,7
Ford EcoSport 2020,2020,565697.5,89551,Electric,Dealer,Manual,Fourth,21.91,1603,81.11,44Nm,7
Hyundai Creta 2019,2019,575014.5,93634,Electric,Dealer,Manual,First,22.58,1737,104.71,54Nm,5
Mahindra Bolero 2013,2013,610547.0,12187,Electric,Dealer,Manual,First,24.23,1534,101.74,38Nm,4
Volkswagen Polo 2018,2018,150000.0,101987,LPG,Individual,Manual,Second,23.81,1566,176.66,29Nm,4
Volkswagen Polo 2018,2018,150000.0,86865,Petrol,Dealer,Automatic,Fourth,23.87,2492,65.08,59Nm,4
Skoda Rapid 2016,2016,224393.0,97304,Diesel,Individual,Manual,First,17.45,2447,95.07,53Nm,4
Ford EcoSport 2017,2017,150000.0,26637,CNG,Dealer,Manual,First,13.94,1684,176.76,60Nm,5
Hyundai Venue 2019,2019,150000.0,76949,CNG,Individual,Manual,Fourth,21.6,2158,166.25,63Nm,4
Hyundai Creta 2023,2023,294352.0,76692,Petrol,Dealer,Manual,First,23.8,1498,73.26,74Nm,4
Maruti Dzire 2015,2015,300592.0,52179,Diesel,Dealer,Automatic,Third,17.53,1553,167.25,31Nm,4
Tata Nexon 2018,2018,150000.0,19034,LPG,Dealer,Automatic,Third,15.53,1668,87.91,70Nm,4
Ford Endeavour 2021,2021,150000.0,41795,LPG,Dealer,Automatic,Fourth,13.68,1398,50.83,46Nm,7
Maruti Baleno 2020,2020,425459.0,55406,Petrol,Dealer,Automatic,First,11.56,2344,118.88,35Nm,5
Renault Triber 2012,2012,150000.0,28661,CNG,Dealer,Manual,First,15.59,1472,176.69,25Nm,7
Skoda Rapid 2020,2020,150000.0,27499,LPG,Dealer,Manual,First,13.91,1888,90.95,71Nm,7
Renault Duster 2023,2023,150000.0,52762,CNG,Individual,Automatic,Third,21.55,1476,64.17,26Nm,4
Mahindra Bolero 2019,2019,150000.0,51160,LPG,Dealer,Manual,Third,22.79,1423,61.75,71Nm,5
Ford Endeavour 2023,2023,232646.0,89076,Petrol,Dealer,Manual,Third,15.34,1301,116.75,63Nm,4
Ford Freestyle 2014,2014,150000.0,14073,LPG,Dealer,Automatic,Second,12.1,1191,51.55,73Nm,5
Tata Safari 2015,2015,150000.0,117960,LPG,Dealer,Automatic,First,11.12,2190,179.63,32Nm,7
Kia Seltos 2013,2013,150000.0,118705,CNG,Dealer,Manual,First,16.5,1942,144.18,51Nm,4
Maruti Dzire 2022,2022,497338.0,65923,Diesel,Dealer,Automatic,Second,12.23,1381,129.83,59Nm,5
Tata Harrier 2019,2019,832905.0,64000,Electric,Individual,Automatic,First,12.99,1177,165.0,53Nm,5
Tata Nexon 2018,2018,150000.0,112487,CNG,Dealer,Automatic,Fourth,14.06,1702,53.39,58Nm,7
Tata Nexon 2016,2016,150000.0,17679,LPG,Dealer,Automatic,Second,14.0,1324,156.12,78Nm,4
Maruti Baleno 2021,2021,150000.0,114515,LPG,Dealer,Automatic,Second,21.07,1358,96.64,57Nm,4
Maruti Brezza 2021,2021,233953.0,83873,Diesel,Dealer,Manual,Fourth,11.35,2108,80.24,34Nm,5
Maruti Dzire 2012,2012,467183.5,53481,Electric,Dealer,Manual,Second,22.66,1695,92.07,21Nm,7
Mahindra XUV300 2013,2013,150000.0,78982,CNG,Dealer,Manual,Third,15.05,2440,91.94,30Nm,7
Renault Duster 2019,2019,150000.0,95089,CNG,Dealer,Manual,Third,15.68,1455,145.42,38Nm,7
Mahindra XUV300 2023,2023,1287503.0,10235,Electric,Dealer,Automatic,First,24.51,1370,78.72,56Nm,7
Hyundai Venue 2014,2014,150000.0,53406,Petrol,Dealer,Manual,Third,11.33,1652,142.17,60Nm,4
Honda Amaze 2012,2012,315688.0,44761,Diesel,Individual,Manual,First,10.02,1715,100.17,66Nm,5
Renault Kwid 2018,2018,150000.0,74629,LPG,Dealer,Automatic,Fourth,19.76,1205,139.33,30Nm,5
Kia Seltos 2012,2012,150000.0,48654,Petrol,Individual,Automatic,Third,15.63,1212,145.16,55Nm,4
Hyundai Verna 2021,2021,150000.0,90431,LPG,Dealer,Manual,Fourth,12.36,2336,63.16,33Nm,4
Tata Tiago 2023,2023,773858.5,82628,Electric,Individual,Automatic,Third,18.58,1607,159.18,29Nm,4
Maruti Brezza 2012,2012,150000.0,66047,Petrol,Dealer,Automatic,Fourth,19.57,1406,177.02,50Nm,4
Hyundai Verna 2018,2018,150000.0,71727,LPG,Individual,Automatic,First,23.28,2312,98.02,48Nm,7
Maruti Brezza 2019,2019,150000.0,70956,CNG,Dealer,Manual,Third,20.01,2153,61.14,42Nm,4
Volkswagen Polo 2021,2021,919811.0,39820,Electric,Dealer,Manual,Fourth,24.05,2068,124.45,35Nm,5
Kia Sonet 2013,2013,150000.0,61747,Petrol,Dealer,Manual,First,22.13,1917,66.4,47Nm,4
Hyundai Venue 2015,2015,150000.0,117815,Diesel,Dealer,Automatic,Third,15.96,2487,92.4,37Nm,4
Volkswagen Polo 2012,2012,309468.0,113094,Electric,Dealer,Automatic,First,18.74,1846,175.43,26Nm,4
Hyundai i20 2016,2016,150000.0,80206,CNG,Dealer,Automatic,Third,17.1,1782,72.39,45Nm,7
Mahindra Bolero 2012,2012,150000.0,61877,CNG,Individual,Manual,First,22.26,1971,89.4,37Nm,5
Kia Seltos 2015,2015,150000.0,27614,CNG,Dealer,Automatic,Third,11.34,1549,107.42,78Nm,7
Renault Duster 2019,2019,523731.5,109548,Electric,Dealer,Automatic,First,17.6,2053,67.63,74Nm,4
Volkswagen Taigun 2012,2012,231991.0,32772,Diesel,Individual,Manual,First,15.41,1508,75.88,43Nm,4
Kia Sonet 2022,2022,506974.0,26236,Petrol,Individual,Manual,Third,23.06,1999,126.29,42Nm,7
Honda City 2016,2016,150000.0,108167,Petrol,Dealer,Automatic,First,21.7,1789,77.86,34Nm,4
Tata Safari 2016,2016,150000.0,95404,LPG,Individual,Manual,First,22.01,1968,79.09,58Nm,4
Ford Endeavour 2023,2023,150000.0,94245,CNG,Dealer,Automatic,Fourth,14.53,1712,117.68,59Nm,5
Renault Duster 2013,2013,722278.5,10963,Electric,Dealer,Automatic,Third,15.04,1609,85.94,40Nm,7
Ford Freestyle 2022,2022,150000.0,103204,CNG,Dealer,Manual,Second,22.04,2057,128.0,62Nm,4
Honda Civic 2014,2014,150000.0,104540,Petrol,Dealer,Automatic,Third,10.53,1529,142.05,56Nm,5
Tata Harrier 2023,2023,373960.0,103502,Diesel,Dealer,Automatic,Third,23.15,2036,73.55,26Nm,5
Kia Seltos 2023,2023,920639.0,43902,Electric,Dealer,Manual,Third,21.16,2338,89.92,70Nm,4
Honda Amaze 2016,2016,150000.0,86751,CNG,Dealer,Automatic,First,24.16,1961,59.26,76Nm,4
Tata Nexon 2022,2022,791905.0,60026,Electric,Dealer,Automatic,Fourth,15.14,1108,178.33,77Nm,4
Kia Seltos 2017,2017,150000.0,103804,Diesel,Dealer,Manual,Fourth,10.87,1679,108.77,33Nm,7
Mahindra XUV300 2019,2019,150000.0,112919,Petrol,Dealer,Manual,Fourth,17.16,2295,50.61,54Nm,5
Tata Harrier 2012,2012,565797.5,52233,Electric,Dealer,Manual,First,13.39,2383,164.01,39Nm,4
Mahindra Scorpio 2018,2018,691279.0,75973,Electric,Dealer,Automatic,Second,16.84,1131,117.64,53Nm,4
Honda Amaze 2022,2022,245445.0,27536,CNG,Individual,Automatic,Third,13.36,1383,178.03,33Nm,4
Maruti Baleno 2013,2013,150000.0,58049,Petrol,Dealer,Automatic,Third,10.72,2093,64.05,73Nm,7
Maruti Swift 2023,2023,179643.5,25176,LPG,Dealer,Automatic,Fourth,12.3,1251,140.37,60Nm,7
Maruti Brezza 2018,2018,150000.0,96725,Petrol,Dealer,Automatic,Second,11.77,1855,64.82,26Nm,4
Kia Seltos 2021,2021,150000.0,36181,CNG,Individual,Manual,Third,18.22,2438,168.35,64Nm,5
Kia Sonet 2015,2015,357419.0,10358,Petrol,Individual,Manual,First,11.35,2173,116.52,66Nm,7
Hyundai Verna 2022,2022,150000.0,40298,LPG,Dealer,Automatic,Third,23.11,1948,160.79,43Nm,4
Honda Amaze 2023,2023,635920.0,25191,Petrol,Individual,Manual,First,15.36,1281,106.9,59Nm,7
Ford Endeavour 2013,2013,150000.0,58840,CNG,Dealer,Manual,First,15.79,1818,160.59,71Nm,5
Renault Duster 2014,2014,317669.0,24818,Diesel,Dealer,Manual,Second,18.53,1210,106.96,59Nm,5
Renault Triber 2021,2021,637627.0,13777,Diesel,Individual,Automatic,Fourth,13.92,1229,90.85,65Nm,5
Volkswagen Taigun 2021,2021,794436.5,104866,Electric,Dealer,Manual,Third,11.43,2061,136.02,35Nm,7
Kia Sonet 2022,2022,150000.0,98643,LPG,Dealer,Manual,First,17.04,1021,114.46,30Nm,7
Hyundai Venue 2017,2017,150000.0,41574,CNG,Dealer,Automatic,First,16.05,2036,80.55,49Nm,4
Kia Sonet 2013,2013,150000.0,75333,LPG,Individual,Automatic,First,16.05,2016,54.66,55Nm,7
Maruti Swift 2021,2021,150000.0,91142,CNG,Dealer,Manual,Fourth,22.66,1696,93.16,69Nm,5
Skoda Kushaq 2019,2019,150000.0,103933,CNG,Individual,Automatic,First,15.33,1197,132.38,71Nm,7
Ford Endeavour 2020,2020,277045.0,59006,Petrol,Dealer,Manual,Second,16.14,2006,83.06,32Nm,4
Tata Nexon 2018,2018,150000.0,38257,LPG,Dealer,Manual,Third,22.56,1218,126.55,69Nm,5
Kia Sonet 2022,2022,872526.0,87242,Electric,Individual,Manual,Fourth,24.03,1006,159.05,50Nm,7
Volkswagen Vento 2023,2023,589449.0,85832,Diesel,Dealer,Manual,First,14.83,1791,164.58,46Nm,7
Skoda Kushaq 2015,2015,150000.0,45860,LPG,Dealer,Automatic,Third,20.5,1925,147.3,39Nm,4
Volkswagen Polo 2023,2023,878844.5,106576,Electric,Dealer,Manual,Second,15.18,1427,137.41,65Nm,7
Mahindra Thar 2023,2023,374793.0,25126,CNG,Dealer,Automatic,Fourth,22.71,2378,155.08,53Nm,7
Hyundai i20 2018,2018,212542.0,29048,Petrol,Dealer,Manual,Second,12.2,1544,58.06,70Nm,4
Ford EcoSport 2020,2020,404556.0,14234,CNG,Dealer,Automatic,First,13.36,2259,134.13,44Nm,7
Tata Harrier 2023,2023,244851.0,97096,Petrol,Dealer,Automatic,Fourth,10.81,1851,146.68,32Nm,7
Skoda Octavia 2015,2015,150000.0,93071,CNG,Dealer,Manual,Second,11.12,1600,175.12,67Nm,5
Volkswagen Vento 2018,2018,150000.0,15326,LPG,Dealer,Automatic,Third,10.08,1264,110.62,79Nm,4
Mahindra Scorpio 2014,2014,686638.0,52287,Electric,Dealer,Manual,Third,21.76,2002,91.32,34Nm,7
Mahindra Scorpio 2020,2020,150000.0,30889,LPG,Dealer,Automatic,First,14.97,1713,88.16,80Nm,4
Skoda Kushaq 2019,2019,150000.0,83575,Petrol,Dealer,Manual,Third,19.32,1910,174.66,63Nm,4
Honda Amaze 2013,2013,150000.0,60577,CNG,Dealer,Automatic,First,16.68,2056,55.7,77Nm,5
Tata Harrier 2020,2020,339108.0,20793,Petrol,Dealer,Manual,First,21.6,2281,162.44,47Nm,4
Hyundai Creta 2020,2020,150000.0,118625,LPG,Dealer,Manual,Second,11.31,1046,57.05,70Nm,5
Ford Endeavour 2013,2013,150000.0,85361,Diesel,Dealer,Automatic,Fourth,14.75,1792,100.64,27Nm,5
Volkswagen Vento 2022,2022,714204.5,104409,Electric,Dealer,Manual,First,11.59,2433,152.3,39Nm,4
Skoda Rapid 2016,2016,150000.0,110306,LPG,Individual,Automatic,Fourth,13.3,2351,147.08,70Nm,4
Volkswagen Polo 2022,2022,291675.0,28884,CNG,Individual,Automatic,First,10.08,2131,127.57,54Nm,7
Volkswagen Vento 2016,2016,150000.0,37532,CNG,Individual,Manual,Fourth,13.31,2320,158.52,32Nm,7
Hyundai Creta 2022,2022,598757.0,114813,Electric,Dealer,Manual,Fourth,11.01,2318,62.77,66Nm,7
Skoda Octavia 2017,2017,320527.0,56810,Diesel,Dealer,Manual,First,14.77,1581,108.58,59Nm,7
Ford Endeavour 2021,2021,876307.5,29974,Electric,Dealer,Automatic,Third,21.78,1875,142.59,61Nm,4
Renault Triber 2017,2017,150000.0,27603,CNG,Dealer,Automatic,Fourth,18.28,1910,72.85,58Nm,5
Hyundai Verna 2014,2014,150000.0,80597,Diesel,Dealer,Automatic,First,19.47,2487,155.64,57Nm,4
Renault Duster 2015,2015,750633.5,14804,Electric,Dealer,Automatic,Fourth,23.37,2337,126.65,74Nm,4
Ford EcoSport 2019,2019,574191.5,75683,Electric,Dealer,Manual,Fourth,22.72,1743,154.85,59Nm,7
Mahindra XUV300 2019,2019,383582.0,30869,Diesel,Dealer,Manual,Fourth,13.48,1732,84.37,34Nm,4
Maruti Baleno 2020,2020,150000.0,113738,CNG,Dealer,Automatic,Fourth,14.86,1929,141.49,53Nm,4
Ford Endeavour 2016,2016,460812.0,85842,Electric,Dealer,Manual,Fourth,23.47,2336,60.12,36Nm,5
Renault Kwid 2020,2020,150000.0,63194,CNG,Dealer,Automatic,Fourth,12.08,1985,71.53,24Nm,7
Volkswagen Taigun 2016,2016,506036.0,37723,Diesel,Dealer,Manual,Second,19.92,1739,103.9,41Nm,7
Hyundai Venue 2022,2022,150000.0,72759,LPG,Dealer,Manual,Second,11.92,2323,127.01,28Nm,5
Volkswagen Vento 2021,2021,418441.0,29249,Petrol,Dealer,Manual,Third,18.45,1366,52.42,66Nm,7
Ford EcoSport 2015,2015,539949.5,68877,Electric,Dealer,Automatic,Fourth,21.92,1347,156.66,31Nm,4
Skoda Kushaq 2020,2020,516294.0,44671,Diesel,Dealer,Automatic,Fourth,15.78,2219,64.11,32Nm,7
Volkswagen Taigun 2022,2022,612561.0,65023,Diesel,Individual,Manual,Second,21.76,1972,115.43,27Nm,7
Hyundai Venue 2022,2022,954441.5,27082,Electric,Dealer,Manual,Fourth,20.46,2067,105.76,80Nm,5
Kia Sonet 2017,2017,542091.0,87207,Electric,Dealer,Manual,Fourth,23.65,1272,60.9,58Nm,5
Volkswagen Polo 2016,2016,180761.0,34775,Petrol,Dealer,Manual,First,20.32,2062,91.07,43Nm,4
Hyundai Creta 2018,2018,706999.5,95403,Electric,Dealer,Automatic,Third,14.13,2095,138.48,68Nm,5
Tata Tiago 2020,2020,781108.0,112732,Electric,Dealer,Automatic,Second,24.83,1756,125.09,69Nm,7
Renault Duster 2014,2014,150000.0,96413,Petrol,Dealer,Manual,Fourth,16.01,2430,94.0,55Nm,4
Skoda Kushaq 2022,2022,150000.0,102640,Petrol,Dealer,Manual,Fourth,17.08,2300,128.03,25Nm,4
Hyundai Verna 2015,2015,150000.0,58606,Petrol,Dealer,Manual,Fourth,20.67,1818,127.67,80Nm,7
Mahindra Bolero 2019,2019,751625.0,11403,Diesel,Dealer,Automatic,Second,13.48,1066,72.03,22Nm,7
Honda City 2022,2022,776647.0,10037,Diesel,Dealer,Manual,Third,18.79,1816,117.31,67Nm,5
Hyundai i20 2020,2020,940628.0,47289,Electric,Dealer,Automatic,Third,16.82,1564,102.51,20Nm,4
Ford EcoSport 2018,2018,150000.0,76353,Petrol,Dealer,Manual,Third,23.14,1694,155.71,56Nm,4
Ford Endeavour 2019,2019,907501.5,59424,Electric,Dealer,Automatic,Second,18.8,1693,53.56,27Nm,5
Ford EcoSport 2018,2018,200354.0,93055,Diesel,Dealer,Manual,Third,20.51,1842,84.24,38Nm,5
Hyundai Venue 2022,2022,150000.0,108145,CNG,Dealer,Manual,Second,18.61,1973,73.76,67Nm,5
Tata Tiago 2023,2023,517062.0,36170,Diesel,Dealer,Manual,Third,22.55,1421,96.28,69Nm,4
Hyundai i20 2013,2013,150000.0,98580,LPG,Dealer,Manual,First,23.47,1985,164.53,56Nm,5
Ford Freestyle 2014,2014,361616.0,110173,Electric,Individual,Automatic,Fourth,21.99,1452,112.18,54Nm,7
Maruti Brezza 2018,2018,358752.0,99959,Diesel,Dealer,Automatic,First,10.13,2428,137.63,44Nm,7
Skoda Rapid 2017,2017,772016.5,57395,Electric,Dealer,Automatic,Second,24.38,2121,94.6,31Nm,5
Kia Sonet 2015,2015,150000.0,64931,CNG,Dealer,Automatic,Fourth,24.69,1570,139.18,72Nm,5
Hyundai Verna 2015,2015,150000.0,82789,LPG,Dealer,Automatic,Second,10.15,1296,104.8,28Nm,7
Volkswagen Taigun 2023,2023,150000.0,51383,LPG,Dealer,Automatic,Third,20.36,2149,57.8,72Nm,7
Ford Freestyle 2022,2022,238775.5,22622,LPG,Dealer,Automatic,Third,22.15,1737,94.74,46Nm,5
Hyundai Verna 2022,2022,435277.0,89374,Diesel,Dealer,Manual,Third,21.62,1725,108.1,25Nm,5
Renault Duster 2016,2016,268685.0,70784,Diesel,Dealer,Manual,Third,22.73,1861,59.27,30Nm,7
Honda City 2017,2017,150000.0,51533,CNG,Dealer,Automatic,Fourth,15.45,1553,126.3,48Nm,5
Renault Kwid 2014,2014,296204.0,13027,Diesel,Dealer,Manual,Third,15.96,2433,62.42,79Nm,7
Kia Seltos 2012,2012,150000.0,111047,LPG,Individual,Manual,First,23.97,1535,100.68,34Nm,7
Tata Harrier 2019,2019,272889.0,92114,Diesel,Dealer,Manual,Second,23.73,1056,162.35,49Nm,4
Volkswagen Polo 2020,2020,482780.0,68306,Diesel,Dealer,Manual,Fourth,16.52,2290,133.17,54Nm,7
Ford Freestyle 2019,2019,226300.0,80735,Diesel,Dealer,Manual,Fourth,14.55,1628,50.01,72Nm,5
Mahindra Thar 2016,2016,452089.5,71498,Electric,Dealer,Manual,Fourth,21.97,1975,127.61,70Nm,5
Maruti Brezza 2015,2015,631590.5,63967,Electric,Dealer,Automatic,Fourth,15.85,1509,99.19,36Nm,4
Hyundai Venue 2022,2022,1146944.0,41399,Electric,Dealer,Automatic,Third,16.19,2326,160.95,31Nm,7
Mahindra Thar 2013,2013,150000.0,93478,LPG,Individual,Automatic,Third,10.29,2432,56.45,54Nm,7
Maruti Baleno 2013,2013,150000.0,46977,CNG,Individual,Manual,Fourth,10.22,2487,78.23,46Nm,4
Ford Freestyle 2017,2017,150000.0,70776,Petrol,Dealer,Automatic,First,11.07,1297,111.12,32Nm,4
Ford Freestyle 2012,2012,208156.0,25985,Diesel,Individual,Automatic,Fourth,21.03,1504,62.21,62Nm,7
Tata Tiago 2018,2018,150000.0,99318,CNG,Dealer,Automatic,Second,18.24,2286,65.88,50Nm,7
Ford EcoSport 2017,2017,452593.0,16827,Diesel,Individual,Manual,Second,21.92,2294,126.01,45Nm,5
Tata Nexon 2012,2012,150000.0,86162,LPG,Dealer,Manual,Third,20.29,1181,93.99,68Nm,4
Maruti Swift 2017,2017,150000.0,94485,Diesel,Dealer,Manual,Second,21.83,1997,148.37,71Nm,4
Kia Seltos 2012,2012,150000.0,100341,LPG,Dealer,Automatic,Second,18.39,1511,120.56,51Nm,4
Tata Safari 2020,2020,150000.0,55569,CNG,Individual,Automatic,Third,12.33,2224,88.44,36Nm,7
Volkswagen Polo 2019,2019,1109564.0,10094,Electric,Dealer,Automatic,Second,13.58,1036,143.73,62Nm,7
Volkswagen Polo 2015,2015,150000.0,78690,LPG,Dealer,Manual,Third,11.44,1658,135.66,22Nm,5
Mahindra XUV300 2012,2012,150000.0,36486,Petrol,Dealer,Automatic,Second,15.83,1200,113.69,59Nm,4
Skoda Octavia 2012,2012,221847.0,58018,Diesel,Dealer,Manual,First,22.48,1425,110.85,60Nm,7
Maruti Brezza 2020,2020,150000.0,107449,LPG,Individual,Automatic,First,11.06,2261,89.51,80Nm,5
Tata Nexon 2013,2013,158404.0,105049,Diesel,Dealer,Automatic,Second,19.38,1393,73.26,67Nm,7
Volkswagen Polo 2023,2023,1216309.0,23829,Electric,Dealer,Automatic,Fourth,12.5,2436,73.45,45Nm,7
Volkswagen Polo 2022,2022,1126075.5,30732,Electric,Dealer,Automatic,Third,16.19,1643,132.32,72Nm,7
Honda Civic 2015,2015,509889.0,83812,Electric,Dealer,Manual,Fourth,16.79,2124,174.78,20Nm,7
Maruti Brezza 2021,2021,898122.0,12136,Electric,Dealer,Manual,Third,14.72,1011,150.3,80Nm,5
Ford Endeavour 2020,2020,673061.0,82918,Electric,Individual,Manual,First,13.97,1075,165.65,35Nm,5
Tata Harrier 2016,2016,905432.0,22046,Electric,Dealer,Automatic,Second,12.59,1156,157.34,64Nm,7
Skoda Rapid 2021,2021,150000.0,94181,CNG,Dealer,Manual,Fourth,23.2,1158,106.46,79Nm,4
Hyundai Creta 2023,2023,732719.0,95561,Electric,Individual,Manual,Fourth,18.1,1108,69.45,52Nm,5
Tata Safari 2012,2012,150000.0,98294,LPG,Dealer,Automatic,First,12.22,1452,93.7,50Nm,5
Skoda Kushaq 2012,2012,150000.0,81847,LPG,Dealer,Automatic,First,11.96,1814,67.53,55Nm,7
Tata Tiago 2018,2018,484388.0,95491,Electric,Dealer,Manual,Second,14.85,1494,170.14,25Nm,4
Hyundai Venue 2018,2018,150000.0,57876,CNG,Individual,Manual,Third,14.57,1703,178.39,59Nm,7
Kia Seltos 2019,2019,522243.0,15882,Diesel,Individual,Manual,Third,10.82,1317,173.36,79Nm,7
Mahindra Thar 2012,2012,150000.0,54993,Petrol,Dealer,Automatic,Fourth,18.07,1962,76.49,53Nm,4
Ford Endeavour 2019,2019,284393.0,91663,Diesel,Individual,Manual,Fourth,12.55,2191,86.92,70Nm,7
Skoda Octavia 2012,2012,150000.0,70943,Petrol,Dealer,Manual,Fourth,19.9,2350,162.36,21Nm,5
Ford Endeavour 2018,2018,150000.0,40299,LPG,Individual,Manual,Third,12.98,1990,175.68,55Nm,7
Maruti Swift 2015,2015,150000.0,79391,CNG,Individual,Automatic,Fourth,20.26,1803,96.2,39Nm,7
Tata Harrier 2012,2012,150000.0,92023,CNG,Individual,Automatic,First,23.46,2134,135.4,25Nm,5
Renault Duster 2022,2022,421287.0,90274,Diesel,Dealer,Automatic,Second,23.65,2171,92.81,54Nm,4
Mahindra XUV300 2022,2022,1156670.0,28163,Electric,Dealer,Manual,Second,23.64,1630,105.91,78Nm,7
Mahindra XUV300 2017,2017,902607.0,18888,Electric,Individual,Manual,Second,14.78,1648,176.48,46Nm,4
Ford Freestyle 2023,2023,150000.0,117701,CNG,Individual,Manual,Second,24.79,1216,130.2,58Nm,4
Skoda Kushaq 2015,2015,197452.0,88166,Diesel,Dealer,Manual,First,12.01,1733,160.0,50Nm,4
Honda City 2018,2018,150000.0,74414,LPG,Dealer,Manual,Second,24.53,1393,170.31,80Nm,4
Renault Kwid 2023,2023,421066.0,97993,Diesel,Dealer,Manual,First,14.87,1360,109.48,35Nm,5
Renault Triber 2012,2012,150000.0,89682,LPG,Dealer,Automatic,Fourth,17.88,2250,163.85,70Nm,7
Maruti Swift 2019,2019,150000.0,69886,Petrol,Dealer,Manual,Fourth,19.46,1078,56.41,38Nm,7
Kia Sonet 2016,2016,150000.0,111407,CNG,Dealer,Automatic,Second,20.35,1863,167.48,49Nm,5
Kia Seltos 2023,2023,287380.0,75622,Petrol,Dealer,Manual,Second,12.68,1803,126.74,65Nm,5
Tata Tiago 2013,2013,150000.0,42778,CNG,Dealer,Manual,First,15.44,1184,118.1,44Nm,4
Volkswagen Taigun 2014,2014,728981.5,59634,Electric,Dealer,Automatic,First,22.94,1347,71.08,29Nm,5
Mahindra Scorpio 2018,2018,150000.0,50378,CNG,Dealer,Automatic,Third,24.41,2280,50.46,68Nm,4
Ford EcoSport 2019,2019,150000.0,75225,LPG,Dealer,Manual,Fourth,16.81,1485,107.44,58Nm,4
Skoda Rapid 2015,2015,150000.0,81741,CNG,Dealer,Manual,First,10.55,1376,161.0,62Nm,4
Skoda Kushaq 2016,2016,150000.0,53399,Petrol,Dealer,Manual,First,19.17,1851,139.9,58Nm,4
Skoda Kushaq 2014,2014,620397.0,69682,Electric,Dealer,Automatic,First,15.68,1188,58.8,47Nm,5
Volkswagen Vento 2016,2016,263640.0,71710,Diesel,Dealer,Manual,Third,20.44,1672,129.57,26Nm,7
Skoda Kushaq 2022,2022,327445.0,79330,Petrol,Dealer,Automatic,Third,18.63,1872,131.02,79Nm,7
Mahindra Bolero 2020,2020,150000.0,105575,LPG,Dealer,Automatic,Second,12.9,2246,65.37,49Nm,4
Hyundai Creta 2021,2021,150000.0,64346,LPG,Dealer,Manual,Third,19.61,1714,139.7,36Nm,7
Hyundai Verna 2016,2016,729227.5,76412,Electric,Dealer,Automatic,First,20.87,1231,130.08,21Nm,7
Mahindra XUV300 2017,2017,150000.0,119291,CNG,Dealer,Automatic,Fourth,19.41,1070,165.97,54Nm,7
Honda Amaze 2018,2018,150000.0,107332,Petrol,Dealer,Automatic,Third,20.28,2135,153.94,76Nm,7
Honda City 2014,2014,150000.0,46760,Petrol,Dealer,Automatic,Fourth,15.84,2281,127.37,75Nm,7
Ford Endeavour 2017,2017,150000.0,103040,Petrol,Dealer,Automatic,Fourth,22.44,1175,89.34,53Nm,5
Ford EcoSport 2013,2013,150000.0,59049,Petrol,Dealer,Manual,First,23.57,1906,70.03,41Nm,7
Kia Sonet 2017,2017,262321.0,28781,Petrol,Dealer,Manual,Second,22.97,2481,65.06,39Nm,4
Maruti Swift 2017,2017,150000.0,71194,Petrol,Dealer,Manual,Third,23.38,1044,91.71,32Nm,7
Ford Freestyle 2020,2020,150000.0,51831,LPG,Individual,Manual,Third,24.37,1303,122.75,26Nm,4
Tata Harrier 2020,2020,150000.0,51744,CNG,Individual,Manual,Third,19.2,2173,94.04,48Nm,4
Maruti Baleno 2012,2012,150000.0,71700,Petrol,Dealer,Manual,Fourth,20.57,1108,165.87,60Nm,4
Kia Sonet 2016,2016,163001.0,53559,Diesel,Dealer,Manual,Fourth,23.8,2160,110.88,49Nm,4
Ford Endeavour 2022,2022,150000.0,103089,LPG,Dealer,Automatic,Second,15.45,1456,73.84,78Nm,4
Honda Amaze 2019,2019,150000.0,73898,Petrol,Dealer,Manual,Fourth,12.56,1229,149.83,58Nm,5
Skoda Rapid 2020,2020,150000.0,23491,LPG,Dealer,Manual,Third,17.99,2136,102.11,46Nm,7
Tata Safari 2020,2020,198423.5,30843,LPG,Dealer,Automatic,First,21.76,1695,106.6,70Nm,4
Honda Civic 2023,2023,683341.0,40953,Diesel,Dealer,Manual,Fourth,18.33,1232,156.86,31Nm,7
Ford Freestyle 2013,2013,150000.0,88415,Petrol,Individual,Automatic,Third,13.26,2010,68.06,57Nm,7
Maruti Baleno 2022,2022,192719.0,29558,LPG,Individual,Automatic,Fourth,20.22,2258,91.16,56Nm,7
Ford Freestyle 2023,2023,192343.0,55123,Petrol,Dealer,Manual,Fourth,18.23,1259,56.91,65Nm,5
Volkswagen Polo 2013,2013,150000.0,46989,Petrol,Dealer,Manual,Fourth,20.68,2436,102.78,47Nm,7
Volkswagen Vento 2022,2022,150000.0,32729,LPG,Dealer,Manual,Second,12.31,2135,179.67,62Nm,5
Mahindra XUV300 2012,2012,150000.0,19403,Petrol,Individual,Manual,Fourth,19.63,2345,104.06,49Nm,5
Skoda Octavia 2021,2021,150000.0,33566,LPG,Individual,Automatic,Fourth,19.07,1785,125.13,74Nm,5
Tata Harrier 2018,2018,813837.0,81587,Electric,Dealer,Automatic,First,11.7,1075,112.6,64Nm,7
Hyundai Creta 2023,2023,790606.0,105852,Electric,Dealer,Automatic,Fourth,11.33,2056,111.42,67Nm,4
Hyundai Verna 2021,2021,225605.0,16917,CNG,Dealer,Manual,Fourth,14.97,1927,95.88,71Nm,7
Ford Freestyle 2014,2014,856016.0,14630,Electric,Dealer,Automatic,Third,18.59,1123,135.32,38Nm,7
Skoda Rapid 2016,2016,150000.0,73538,Petrol,Dealer,Manual,First,14.13,1567,83.4,67Nm,5
Hyundai Creta 2021,2021,433302.0,106857,Diesel,Dealer,Automatic,Third,17.27,1357,153.92,75Nm,5
Maruti Brezza 2013,2013,505717.5,29014,Electric,Dealer,Manual,Fourth,20.89,1843,71.75,56Nm,5
Honda City 2022,2022,414925.0,44654,Petrol,Dealer,Manual,Second,21.19,1948,147.82,54Nm,5
Tata Tiago 2022,2022,150000.0,102485,LPG,Individual,Automatic,Third,23.91,1295,108.35,63Nm,7
Honda Civic 2022,2022,561153.0,15376,Petrol,Dealer,Automatic,Fourth,14.01,2248,62.78,61Nm,7
Skoda Octavia 2019,2019,183792.0,111338,Diesel,Dealer,Manual,Third,10.16,2385,51.1,24Nm,7
Maruti Dzire 2013,2013,150000.0,78847,Petrol,Dealer,Automatic,Third,10.51,1447,130.52,23Nm,7
Skoda Kushaq 2015,2015,150000.0,88562,Petrol,Dealer,Manual,First,23.5,2236,123.59,31Nm,4
Hyundai Creta 2016,2016,150000.0,48609,LPG,Dealer,Manual,Fourth,21.55,1564,92.04,30Nm,5
Hyundai Verna 2012,2012,150000.0,60174,LPG,Dealer,Automatic,First,17.38,1526,170.72,59Nm,5
Renault Kwid 2022,2022,261796.0,74494,Petrol,Individual,Manual,Fourth,16.62,1445,83.67,22Nm,7
Hyundai i20 2021,2021,150000.0,105360,CNG,Dealer,Automatic,First,23.99,2017,136.4,37Nm,4
Mahindra Thar 2018,2018,171778.0,85319,Petrol,Dealer,Automatic,Fourth,21.78,1891,120.22,20Nm,5
Renault Duster 2019,2019,939779.0,25886,Electric,Individual,Automatic,Third,24.96,2394,134.12,43Nm,5
Volkswagen Polo 2013,2013,150000.0,70245,CNG,Dealer,Manual,Second,14.48,2133,100.71,26Nm,4
Honda Amaze 2013,2013,150000.0,92941,LPG,Dealer,Manual,Second,18.89,1071,113.6,24Nm,4
Volkswagen Taigun 2016,2016,607218.0,75494,Electric,Dealer,Automatic,First,20.82,1073,102.72,33Nm,5
Volkswagen Polo 2022,2022,434605.0,80328,Diesel,Dealer,Manual,First,10.29,1073,167.93,59Nm,7
Maruti Baleno 2023,2023,336022.0,95037,Diesel,Dealer,Manual,Second,11.46,2293,129.46,73Nm,4
Skoda Rapid 2013,2013,150000.0,24965,LPG,Dealer,Manual,First,24.73,1413,138.19,40Nm,5
Hyundai Creta 2017,2017,150000.0,119632,Diesel,Dealer,Manual,Second,21.36,1685,71.85,43Nm,4
Volkswagen Vento 2019,2019,943376.0,41934,Electric,Dealer,Manual,Second,12.37,1202,164.35,25Nm,7
Maruti Swift 2014,2014,816850.0,21683,Electric,Individual,Automatic,Fourth,12.15,2418,85.22,48Nm,5
